,Fund_Ticker,Benchmark_Index,R_Squared,Beta,Alpha,Treynor_Ratio,Currency,Year_Trailing,Std_Dev,Return,Sharpe_Ratio,Sortino_Ratio
0,FRIFX,MSCI ACWI NR USD,55.22,0.3,8.48,40.52,USD,5,5.84,12.18,1.99,3.85
1,VTWNX,Morningstar Moderate Target Risk,98.97,1.06,0.35,9.38,USD,5,9.03,10.06,1.1,1.91
2,JNBAX,Morningstar Moderate Target Risk,88.95,0.96,0.44,9.48,USD,5,8.62,9.2,1.06,1.74
3,FIOFX,Morningstar Moderate Target Risk,98.47,1.37,-1.67,7.67,USD,5,11.65,10.58,0.92,1.51
4,PTTRX,Barclays US Agg Bond TR USD,59.01,0.98,1.02,5.08,USD,5,3.6,5.06,1.37,2.32
5,VGPMX,MSCI ACWI NR USD,42.34,1.22,-21.83,-9.76,USD,5,27.3,-11.86,-0.33,-0.43
6,PRGTX,MSCI ACWI NR USD,77.63,1.11,10.16,20.04,USD,5,18.36,22.4,1.2,2.24
7,FOSFX,MSCI ACWI Ex USA NR USD,94.19,1.08,1.2,6.54,USD,5,18.25,7.13,0.46,0.7
8,OARAX,Morningstar Moderate Target Risk,32.18,0.36,-0.43,7.54,USD,5,5.39,2.81,0.53,0.74
9,VMRGX,S&P 500 TR USD,83.25,1.12,-3.23,17.46,USD,5,15.08,15.84,1.05,1.83
10,FSTFX,Barclays Municipal TR USD,81.97,0.34,0.45,6.38,USD,5,1.4,2.21,1.51,2.89
11,OIBAX,Barclays US Agg Bond TR USD,11.94,0.95,-1.3,2.33,USD,5,7.76,2.29,0.32,0.43
12,PDVAX,Barclays US Agg Bond TR USD,21.82,0.9,3.4,7.86,USD,5,5.42,7.13,1.29,2.05
13,VIVAX,S&P 500 TR USD,92.85,0.96,0.66,21.58,USD,5,12.85,15.0,1.15,1.97
14,VSMGX,Morningstar Moderate Target Risk,98.84,0.99,0.55,9.63,USD,5,8.39,9.6,1.13,1.98
15,FSRAX,Morningstar Moderate Target Risk,71.18,0.66,-0.95,7.41,USD,5,6.58,4.95,0.76,1.2
16,PSILX,MSCI ACWI Ex USA NR USD,97.76,1.0,1.98,7.63,USD,5,16.63,7.72,0.53,0.82
17,PRTIX,Barclays US Agg Bond TR USD,89.1,1.42,-2.3,2.35,USD,5,4.25,3.41,0.79,1.31
18,FDGFX,S&P 500 TR USD,91.5,1.13,-2.59,18.24,USD,5,16.55,15.43,0.95,1.55
19,ABALX,Morningstar Moderate Target Risk,94.93,1.01,2.86,12.12,USD,5,8.78,12.35,1.37,2.48
20,PRDMX,S&P 500 TR USD,76.94,1.14,-3.57,17.16,USD,5,16.16,17.61,1.08,1.94
21,EQPIX,S&P 500 TR USD,90.7,0.9,0.01,20.70,USD,5,13.61,13.68,1.01,1.66
22,PRFDX,S&P 500 TR USD,93.59,0.94,-1.0,19.50,USD,5,13.2,13.62,1.03,1.71
23,FNCMX,S&P 500 TR USD,80.89,1.14,-0.21,20.71,USD,5,15.38,18.62,1.19,2.16
24,FISCX,Morningstar Moderate Target Risk,84.53,1.19,1.23,10.09,USD,5,10.88,12.04,1.1,1.88
25,MAIOX,MSCI ACWI Ex USA NR USD,89.38,0.99,0.12,5.54,USD,5,17.18,5.56,0.4,0.61
26,PRWBX,Barclays US Agg Bond TR USD,42.99,0.24,0.63,6.72,USD,5,1.01,1.66,1.55,3.02
27,FHIAX,Barclays US Agg Bond TR USD,1.12,0.23,7.48,37.07,USD,5,6.13,8.62,1.37,2.38
28,VISGX,S&P 500 TR USD,71.11,1.18,-5.12,15.67,USD,5,18.2,18.55,1.03,1.82
29,PRASX,MSCI ACWI Ex USA NR USD,74.97,0.83,3.65,10.03,USD,5,15.79,8.43,0.59,0.91
30,LTEBX,Barclays Municipal TR USD,84.77,0.62,0.33,5.58,USD,5,2.57,3.56,1.34,2.52
31,PIEQX,MSCI ACWI Ex USA NR USD,96.98,1.02,0.39,5.89,USD,5,17.04,6.1,0.43,0.65
32,VASGX,Morningstar Moderate Target Risk,98.46,1.33,-0.71,8.43,USD,5,11.31,11.28,1.0,1.68
33,JCIAX,BofAML USD LIBOR 3 Mon CM,5.11,29.28,-7.2,0.0,USD,5,5.86,0.08,0.03,0.04
34,FAEMX,Barclays US Agg Bond TR USD,16.66,1.04,3.11,6.95,USD,5,7.21,7.33,1.01,1.59
35,CMSCX,S&P 500 TR USD,58.9,1.32,-12.4,9.75,USD,5,19.65,14.46,0.78,1.28
36,RPIFX,Barclays US Agg Bond TR USD,1.9,-0.19,6.57,-31.55,USD,5,3.84,5.99,1.52,2.4
37,OPTFX,S&P 500 TR USD,81.58,1.02,-2.21,18.24,USD,5,14.21,13.71,0.97,1.65
38,FLTMX,Barclays Municipal TR USD,97.89,0.72,0.33,5.52,USD,5,2.75,4.04,1.43,2.64
39,NGCAX,MSCI ACWI Ex USA NR USD,66.05,0.97,0.48,5.41,USD,5,19.56,5.32,0.36,0.53
40,FIOAX,Morningstar Moderate Target Risk,98.16,0.88,0.4,9.52,USD,5,7.49,8.45,1.11,1.91
41,TFVAX,Barclays Municipal TR USD,99.01,0.98,-0.85,4.14,USD,5,3.74,4.14,1.08,1.82
42,FCNAX,MSCI ACWI NR USD,73.9,0.94,9.33,20.91,USD,5,15.84,19.67,1.22,2.21
43,VPCCX,S&P 500 TR USD,85.74,0.9,3.85,25.77,USD,5,13.4,17.22,1.25,2.21
44,HLIEX,S&P 500 TR USD,92.17,0.93,0.56,21.43,USD,5,11.63,17.15,1.42,2.56
45,FOHFX,Barclays Municipal TR USD,97.56,0.99,-0.14,4.9,USD,5,3.8,4.93,1.27,2.23
46,OPATX,Barclays Municipal TR USD,72.82,1.6,-1.4,4.09,USD,5,7.12,6.64,0.93,1.44
47,FKTIX,Barclays Municipal TR USD,97.23,1.18,-0.47,4.63,USD,5,4.54,5.55,1.2,1.98
48,BAMPX,Morningstar Moderate Target Risk,96.96,1.05,0.59,9.63,USD,5,8.99,10.17,1.12,1.92
49,NSTMX,Barclays US Agg Bond TR USD,36.24,0.18,1.02,9.58,USD,5,0.86,1.84,2.03,5.27
50,HLGEX,S&P 500 TR USD,72.39,1.25,-3.82,17.26,USD,5,17.65,18.3,1.04,1.83
51,PCBAX,Morningstar Moderate Target Risk,92.98,1.02,-1.78,7.13,USD,5,8.96,7.38,0.83,1.36
52,HLLVX,Barclays US Agg Bond TR USD,59.82,0.22,0.42,5.91,USD,5,0.8,1.37,1.61,3.39
53,FBIDX,Barclays US Agg Bond TR USD,99.28,1.03,-0.29,3.73,USD,5,2.9,3.91,1.31,2.37
54,FIMIX,Barclays Municipal TR USD,97.37,0.81,-0.08,4.93,USD,5,3.12,4.08,1.28,2.29
55,RPMGX,S&P 500 TR USD,74.7,1.03,-0.95,19.64,USD,5,14.85,18.48,1.22,2.25
56,FHIFX,Barclays US Agg Bond TR USD,3.48,0.35,6.51,23.18,USD,5,5.25,8.12,1.5,2.76
57,FBALX,Morningstar Moderate Target Risk,95.63,1.0,2.8,12.09,USD,5,8.63,12.16,1.37,2.51
58,FKVFX,Morningstar Moderate Target Risk,98.57,0.92,-0.11,8.9,USD,5,7.85,8.29,1.05,1.78
59,FINGX,MSCI ACWI Ex USA NR USD,47.85,1.0,4.36,8.68,USD,5,23.83,8.8,0.47,0.76
60,GTFBX,Barclays Municipal TR USD,97.2,1.11,-0.64,4.45,USD,5,4.27,5.02,1.15,1.87
61,FJIFX,Morningstar Moderate Target Risk,97.97,0.66,0.02,9.06,USD,5,5.59,6.01,1.06,1.85
62,FDFFX,S&P 500 TR USD,66.61,1.2,-2.02,18.81,USD,5,18.74,16.67,0.92,1.55
63,MBGRX,MSCI ACWI NR USD,67.41,1.22,-8.46,1.78,USD,5,21.67,2.26,0.21,0.29
64,FBGRX,S&P 500 TR USD,80.1,1.2,-1.73,19.24,USD,5,15.76,18.3,1.15,2.0
65,CLSPX,S&P 500 TR USD,73.32,1.16,-7.7,13.03,USD,5,16.49,15.55,0.96,1.63
66,AWSHX,S&P 500 TR USD,92.21,0.85,1.2,22.27,USD,5,11.34,15.28,1.31,2.31
67,FICDX,MSCI ACWI Ex USA NR USD,73.43,0.76,2.15,8.46,USD,5,14.49,6.47,0.5,0.72
68,FRNJX,Barclays Municipal TR USD,91.94,1.13,-1.49,3.66,USD,5,4.45,4.2,0.93,1.46
69,FDETX,S&P 500 TR USD,88.96,1.04,-2.13,18.41,USD,5,14.25,15.19,1.06,1.78
70,PSTIX,S&P 500 TR USD,91.29,-0.94,2.91,15.64,USD,5,12.22,-12.05,-0.99,-1.21
71,PREMX,Barclays US Agg Bond TR USD,11.05,0.95,3.24,7.27,USD,5,8.1,7.02,0.87,1.31
72,VWNFX,S&P 500 TR USD,95.35,0.97,-0.12,20.66,USD,5,13.29,14.51,1.08,1.82
73,FWRLX,MSCI ACWI NR USD,76.08,0.77,5.41,17.61,USD,5,12.76,13.56,1.06,1.82
74,JEMDX,Barclays US Agg Bond TR USD,14.66,1.06,3.56,7.33,USD,5,7.8,7.83,1.0,1.57
75,BAPEX,Morningstar Moderate Target Risk,96.46,1.27,-1.53,7.69,USD,5,10.89,9.82,0.91,1.5
76,ASTEX,Barclays Municipal TR USD,70.19,0.23,0.33,6.49,USD,5,1.02,1.54,1.43,2.63
77,FSPTX,MSCI ACWI NR USD,73.33,1.04,5.75,15.72,USD,5,17.69,16.46,0.95,1.7
78,PTRIX,Barclays US Agg Bond TR USD,74.22,0.78,1.39,5.87,USD,5,2.54,4.62,1.77,3.98
79,FRAVX,S&P 500 TR USD,74.43,1.09,-6.0,14.34,USD,5,14.51,13.12,0.92,1.51
80,VTMGX,MSCI ACWI Ex USA NR USD,96.23,1.01,0.61,6.13,USD,5,16.97,6.29,0.44,0.67
81,FRKAX,Morningstar Moderate Target Risk,95.1,0.56,0.59,10.12,USD,5,4.88,5.78,1.16,2.07
82,FSGRX,S&P 500 TR USD,52.55,1.12,-2.73,17.64,USD,5,17.73,19.99,1.12,1.95
83,SRINX,Barclays US Agg Bond TR USD,41.87,0.94,2.94,7.26,USD,5,4.08,6.88,1.63,3.07
84,VSTBX,Barclays US Agg Bond TR USD,40.52,0.46,1.56,7.46,USD,5,2.04,3.51,1.67,3.42
85,FKITX,Barclays Municipal TR USD,94.85,1.02,-0.54,4.49,USD,5,3.96,4.65,1.15,2.1
86,FFALX,Morningstar Moderate Target Risk,93.64,1.37,-1.18,8.04,USD,5,11.98,11.12,0.94,1.54
87,RPBAX,Morningstar Moderate Target Risk,98.0,1.13,0.47,9.48,USD,5,9.61,10.77,1.11,1.93
88,FSAZX,Barclays Municipal TR USD,98.33,1.03,-0.08,4.97,USD,5,3.93,5.19,1.29,2.24
89,FASFX,Barclays US Agg Bond TR USD,54.25,0.24,0.64,6.71,USD,5,0.92,1.68,1.74,3.81
90,TRISX,S&P 500 TR USD,99.12,1.03,-0.85,19.91,USD,5,13.21,15.33,1.14,1.97
91,FPIOX,Barclays US Agg Bond TR USD,0.0,0.0,9.46,21329.26,USD,5,6.98,9.71,1.36,2.33
92,FFFEX,Morningstar Moderate Target Risk,97.77,1.31,-1.6,7.67,USD,5,11.19,10.13,0.91,1.5
93,AABTX,Morningstar Moderate Target Risk,97.42,0.87,1.18,10.48,USD,5,7.47,9.24,1.21,2.15
94,MDILX,MSCI ACWI Ex USA NR USD,95.44,1.01,0.93,6.46,USD,5,17.02,6.62,0.46,0.72
95,FLBIX,Barclays US Agg Bond TR USD,65.13,3.41,-5.39,2.28,USD,5,11.91,7.86,0.69,1.31
96,FIKFX,Morningstar Moderate Target Risk,89.5,0.33,1.02,12.22,USD,5,2.95,4.12,1.36,2.54
97,JSMAX,Morningstar Moderate Target Risk,97.35,1.45,-1.41,7.93,USD,5,12.4,11.57,0.94,1.57
98,PMHIX,S&P 500 TR USD,45.43,0.67,-3.81,13.74,USD,5,9.27,5.81,0.65,1.03
99,PRESX,MSCI ACWI Ex USA NR USD,91.5,1.15,3.69,8.69,USD,5,19.72,10.06,0.58,0.94
100,PGOVX,Barclays US Agg Bond TR USD,70.97,3.4,-4.74,2.5,USD,5,11.38,8.59,0.78,1.47
101,FADAX,S&P 500 TR USD,91.67,1.13,-2.9,17.91,USD,5,16.56,15.14,0.93,1.52
102,OICAX,Morningstar Moderate Target Risk,95.28,0.57,1.3,11.43,USD,5,4.94,6.6,1.31,2.35
103,FRCIX,Barclays Municipal TR USD,97.14,1.26,-0.11,4.96,USD,5,4.83,6.3,1.28,2.21
104,TRRHX,Morningstar Moderate Target Risk,98.01,1.4,-0.94,8.26,USD,5,11.9,11.61,0.98,1.65
105,FKCIX,Barclays Municipal TR USD,96.36,1.01,-0.02,5.02,USD,5,3.91,5.16,1.29,2.41
106,FSLVX,S&P 500 TR USD,92.31,0.96,0.78,21.74,USD,5,13.61,14.05,1.03,1.7
107,FTTAX,Morningstar Moderate Target Risk,94.85,1.36,-1.3,7.94,USD,5,11.82,10.91,0.93,1.58
108,VHGEX,MSCI ACWI Ex USA NR USD,93.44,0.89,6.37,13.36,USD,5,15.06,11.93,0.82,1.31
109,JSFAX,Morningstar Moderate Target Risk,97.39,0.95,0.04,9.06,USD,5,8.11,8.67,1.06,1.84
110,VMATX,Barclays Municipal TR USD,97.9,1.11,-0.83,4.27,USD,5,4.24,4.81,1.11,1.9
111,FRSGX,S&P 500 TR USD,72.98,1.17,-6.01,14.77,USD,5,16.98,16.56,0.99,1.73
112,FMEAX,MSCI ACWI Ex USA NR USD,82.0,1.04,-0.49,4.71,USD,5,18.84,4.97,0.35,0.54
113,MAPCX,MSCI ACWI Ex USA NR USD,85.59,0.96,1.82,7.38,USD,5,17.07,7.18,0.49,0.74
114,JNSAX,Morningstar Moderate Target Risk,97.65,1.31,-0.9,8.25,USD,5,11.19,10.89,0.98,1.65
115,TRRAX,Morningstar Moderate Target Risk,98.82,1.0,-0.16,8.85,USD,5,8.46,8.9,1.04,1.79
116,PRSIX,Morningstar Moderate Target Risk,97.95,0.89,0.4,9.51,USD,5,7.63,8.58,1.11,1.93
117,SLMCX,MSCI ACWI NR USD,71.97,0.95,4.04,14.3,USD,5,16.27,13.66,0.87,1.51
118,RPIIX,Barclays US Agg Bond TR USD,12.52,1.02,-2.93,0.79,USD,5,8.11,0.88,0.14,0.19
119,FSCPX,MSCI ACWI NR USD,74.28,0.94,9.78,21.48,USD,5,15.81,20.23,1.25,2.28
120,FMEIX,S&P 500 TR USD,87.49,1.09,-0.44,20.44,USD,5,15.13,18.37,1.19,2.07
121,FLIFX,Morningstar Moderate Target Risk,98.61,0.83,0.01,9.04,USD,5,7.04,7.57,1.06,1.83
122,FFAVX,Morningstar Moderate Target Risk,97.38,0.74,-0.21,8.73,USD,5,6.37,6.57,1.02,1.74
123,VWELX,Morningstar Moderate Target Risk,94.95,0.97,2.38,11.7,USD,5,8.38,11.39,1.33,2.43
124,MASPX,S&P 500 TR USD,74.44,1.31,-7.38,14.27,USD,5,18.64,17.72,0.97,1.62
125,COSZX,MSCI ACWI Ex USA NR USD,92.56,1.0,-0.17,5.27,USD,5,17.14,5.37,0.39,0.59
126,FBSOX,MSCI ACWI NR USD,76.37,1.02,8.7,19.34,USD,5,16.87,19.71,1.15,2.16
127,FCSTX,Barclays Municipal TR USD,83.12,0.4,0.54,6.4,USD,5,1.67,2.65,1.53,2.83
128,FDSSX,S&P 500 TR USD,91.17,1.06,-1.4,19.33,USD,5,14.83,15.75,1.06,1.82
129,FGBLX,Morningstar Moderate Target Risk,93.61,1.17,-2.93,6.28,USD,5,10.18,7.41,0.75,1.22
130,TREMX,MSCI ACWI Ex USA NR USD,74.42,1.31,-6.84,-0.85,USD,5,24.92,-1.04,0.08,0.11
131,FKUSX,Barclays US Agg Bond TR USD,74.79,0.72,0.09,4.14,USD,5,2.33,3.03,1.26,2.26
132,CMUAX,S&P 500 TR USD,84.96,1.02,-0.01,20.79,USD,5,15.55,17.13,1.1,1.82
133,VDEQX,S&P 500 TR USD,94.32,1.1,-1.73,19.08,USD,5,14.54,16.09,1.1,1.89
134,NFEAX,S&P 500 TR USD,69.15,1.02,-1.38,19.08,USD,5,15.42,14.97,0.98,1.68
135,PTYAX,Morningstar Moderate Target Risk,66.03,0.5,0.8,10.6,USD,5,5.23,5.41,1.02,1.63
136,FUGAX,MSCI ACWI NR USD,28.37,0.43,10.46,35.65,USD,5,11.72,15.4,1.28,2.13
137,OROHX,Barclays Municipal TR USD,77.82,1.43,-0.34,4.78,USD,5,6.16,6.93,1.11,1.73
138,MEURX,MSCI ACWI Ex USA NR USD,78.98,0.67,4.31,12.49,USD,5,12.44,8.48,0.71,1.12
139,VTINX,Morningstar Moderate Target Risk,86.71,0.48,2.35,14.19,USD,5,4.32,6.85,1.54,3.09
140,PSDIX,Barclays Municipal TR USD,36.05,0.1,0.66,11.43,USD,5,0.66,1.27,1.8,3.3
141,FFTYX,S&P 500 TR USD,72.75,1.04,-1.87,18.60,USD,5,13.8,15.31,1.1,1.84
142,FAMRX,Morningstar Moderate Target Risk,97.12,1.54,-1.81,7.69,USD,5,13.17,11.9,0.92,1.54
143,ORMAX,Barclays Municipal TR USD,72.02,1.45,-1.12,4.2,USD,5,6.46,6.15,0.95,1.46
144,FQIFX,Morningstar Moderate Target Risk,98.9,1.11,-0.78,8.26,USD,5,9.45,9.27,0.98,1.65
145,SEMAX,Barclays Municipal TR USD,92.96,0.88,-0.66,4.27,USD,5,3.46,3.84,1.08,1.92
146,FNMIX,Barclays US Agg Bond TR USD,16.59,1.05,3.55,7.38,USD,5,7.25,7.8,1.06,1.69
147,NIVLX,MSCI ACWI Ex USA NR USD,87.4,0.91,-1.0,4.35,USD,5,16.01,4.05,0.32,0.49
148,VEDTX,Barclays US Agg Bond TR USD,50.34,5.52,-8.42,2.17,USD,5,21.96,12.05,0.62,1.24
149,FRTAX,Morningstar Moderate Target Risk,95.09,1.31,-1.29,7.91,USD,5,11.3,10.41,0.93,1.56
150,PRSGX,S&P 500 TR USD,88.36,1.07,-4.23,16.20,USD,5,14.65,13.5,0.94,1.56
151,SHSAX,MSCI ACWI NR USD,54.0,0.61,13.38,34.22,USD,5,12.09,21.01,1.64,3.47
152,JTSAX,Morningstar Moderate Target Risk,97.21,1.58,-1.74,7.77,USD,5,13.53,12.35,0.93,1.53
153,MBDVX,S&P 500 TR USD,91.39,0.86,-2.91,16.75,USD,5,11.59,11.84,1.02,1.71
154,PRULX,Barclays US Agg Bond TR USD,65.9,3.35,-5.6,2.19,USD,5,11.63,7.41,0.67,1.26
155,MACPX,Morningstar Moderate Target Risk,89.67,1.03,2.2,11.33,USD,5,9.19,11.75,1.25,2.14
156,PTNAX,Morningstar Moderate Target Risk,48.77,0.38,2.06,14.58,USD,5,4.56,5.58,1.2,2.01
157,FCSSX,Morningstar Long-Only Commodity TR,93.07,0.93,-4.12,-4.63,USD,5,15.38,-4.24,-0.21,-0.27
158,FLMVX,S&P 500 TR USD,86.39,0.9,2.99,24.61,USD,5,13.03,18.9,1.4,2.5
159,FFKCX,Morningstar Moderate Target Risk,98.6,0.89,-0.12,8.89,USD,5,7.57,8.0,1.05,1.78
160,PRMTX,MSCI ACWI NR USD,83.66,0.94,9.2,20.83,USD,5,15.01,19.76,1.28,2.38
161,FACDX,MSCI ACWI NR USD,55.6,0.71,16.92,36.92,USD,5,13.84,26.3,1.77,3.71
162,RPIBX,Barclays US Agg Bond TR USD,15.16,1.08,-3.52,0.46,USD,5,7.83,0.57,0.1,0.14
163,FRKYX,Barclays Municipal TR USD,95.27,1.08,-0.74,4.33,USD,5,4.18,4.73,1.11,1.8
164,FINPX,Barclays US Agg Bond TR USD,66.4,1.52,-2.58,2.23,USD,5,5.25,3.46,0.66,0.99
165,FNARX,MSCI ACWI NR USD,68.67,1.28,-6.67,3.48,USD,5,22.47,4.53,0.31,0.44
166,SRHMX,Barclays Municipal TR USD,87.64,1.16,1.68,6.58,USD,5,4.72,7.74,1.59,2.57
167,TRAMX,MSCI ACWI Ex USA NR USD,57.23,0.61,7.34,18.23,USD,5,13.27,11.22,0.86,1.43
168,PRGIX,S&P 500 TR USD,95.8,0.99,-0.46,20.28,USD,5,12.9,14.92,1.14,1.93
169,PGSAX,Barclays US Agg Bond TR USD,20.82,0.99,-1.24,2.58,USD,5,6.14,2.64,0.44,0.63
170,FIGRX,MSCI ACWI Ex USA NR USD,95.33,1.02,1.66,7.21,USD,5,17.08,7.4,0.5,0.77
171,PRIDX,MSCI ACWI Ex USA NR USD,90.94,0.88,5.1,11.76,USD,5,15.24,10.48,0.73,1.13
172,FNIAX,S&P 500 TR USD,81.89,0.97,-1.42,18.99,USD,5,12.44,14.74,1.17,2.1
173,MALMX,Barclays Municipal TR USD,45.54,0.09,0.3,8.38,USD,5,0.5,0.82,1.49,2.6
174,JPIEX,S&P 500 TR USD,97.47,1.04,0.34,21.30,USD,5,13.25,16.57,1.22,2.17
175,VQNPX,S&P 500 TR USD,99.2,1.02,0.24,21.16,USD,5,13.12,16.31,1.22,2.1
176,MAWIX,Barclays US Agg Bond TR USD,28.68,0.62,0.6,4.94,USD,5,3.29,3.16,0.94,1.56
177,FSAAX,Morningstar Moderate Target Risk,98.08,1.09,-0.36,8.67,USD,5,9.32,9.56,1.02,1.77
178,FARPX,Morningstar Moderate Target Risk,98.21,0.92,0.32,9.4,USD,5,7.82,8.71,1.1,1.89
179,PRDGX,S&P 500 TR USD,96.44,0.92,0.18,20.96,USD,5,12.42,14.85,1.18,2.01
180,FSTCX,MSCI ACWI NR USD,58.25,0.69,5.63,18.51,USD,5,13.15,12.87,0.98,1.77
181,VPAIX,Barclays Municipal TR USD,98.74,1.05,-0.15,4.9,USD,5,3.99,5.21,1.28,2.18
182,AIBAX,Barclays US Agg Bond TR USD,89.06,0.63,-0.37,3.41,USD,5,1.87,2.21,1.14,1.94
183,FDMMX,Barclays Municipal TR USD,98.15,1.06,-0.35,4.7,USD,5,4.05,5.06,1.22,2.15
184,VFORX,Morningstar Moderate Target Risk,98.16,1.48,-1.02,8.24,USD,5,12.61,12.27,0.98,1.63
185,FFFFX,Morningstar Moderate Target Risk,97.7,1.47,-2.35,7.23,USD,5,12.54,10.7,0.87,1.41
186,TRLGX,S&P 500 TR USD,72.68,1.19,-1.99,18.88,USD,5,16.12,17.33,1.07,1.89
187,VNJTX,Barclays Municipal TR USD,97.55,1.08,-0.58,4.48,USD,5,4.14,4.91,1.16,1.99
188,VASIX,Morningstar Moderate Target Risk,69.91,0.33,2.62,17.27,USD,5,3.31,5.75,1.68,3.39
189,AMRMX,S&P 500 TR USD,88.51,0.78,2.01,23.49,USD,5,10.53,14.37,1.33,2.35
190,NMTAX,S&P 500 TR USD,72.17,1.09,-2.71,17.81,USD,5,16.33,12.54,0.8,1.26
191,FFNOX,Morningstar Moderate Target Risk,97.82,1.4,-0.58,8.54,USD,5,11.9,12.0,1.01,1.71
192,STLCX,Morningstar Moderate Target Risk,98.17,0.96,-0.8,8.14,USD,5,8.2,7.91,0.96,1.63
193,ONJAX,Barclays Municipal TR USD,68.1,1.56,-1.39,4.07,USD,5,7.18,6.44,0.9,1.33
194,OREAX,MSCI ACWI NR USD,55.94,0.88,8.29,19.88,USD,5,17.0,17.47,1.03,1.82
195,SPHIX,Barclays US Agg Bond TR USD,0.42,0.15,8.21,58.63,USD,5,6.68,9.03,1.32,2.26
196,PREIX,S&P 500 TR USD,100.0,1.0,-0.28,20.54,USD,5,12.98,15.65,1.18,2.05
197,FAHIX,Barclays Municipal TR USD,98.81,1.04,0.07,5.12,USD,5,3.97,5.41,1.33,2.27
198,PSGIX,S&P 500 TR USD,75.6,1.53,-12.39,11.39,USD,5,19.7,16.26,0.86,1.42
199,COSIX,Barclays US Agg Bond TR USD,14.45,0.66,3.55,9.49,USD,5,4.87,6.3,1.27,2.19
200,FSDCX,MSCI ACWI NR USD,68.29,1.16,0.9,10.09,USD,5,20.44,11.81,0.65,1.02
201,GANYX,Barclays Municipal TR USD,95.79,0.84,-0.53,4.39,USD,5,3.25,3.76,1.13,1.94
202,FSCHX,MSCI ACWI NR USD,80.68,1.2,6.52,15.71,USD,5,19.37,18.88,0.99,1.69
203,CGRWX,S&P 500 TR USD,93.43,1.01,-2.93,17.44,USD,5,14.0,12.38,0.9,1.46
204,AMCPX,S&P 500 TR USD,86.77,0.97,0.79,21.72,USD,5,13.43,16.2,1.18,2.06
205,OPAMX,Barclays Municipal TR USD,91.82,1.27,0.92,5.82,USD,5,5.02,7.46,1.45,2.3
206,TRRFX,Morningstar Moderate Target Risk,98.65,0.86,0.21,9.29,USD,5,7.34,8.1,1.09,1.88
207,FAMKX,MSCI ACWI Ex USA NR USD,85.69,1.05,-1.91,3.34,USD,5,18.66,3.59,0.28,0.39
208,FFFGX,Morningstar Moderate Target Risk,97.64,1.5,-2.46,7.18,USD,5,12.81,10.84,0.86,1.39
209,FLVCX,S&P 500 TR USD,71.68,1.08,-0.3,20.45,USD,5,18.64,16.36,0.91,1.45
210,VTENX,Morningstar Moderate Target Risk,97.33,0.74,1.25,10.82,USD,5,6.37,8.14,1.25,2.3
211,FKRCX,MSCI ACWI NR USD,15.97,0.87,-20.9,-17.77,USD,5,31.77,-15.45,-0.37,-0.47
212,FSIPX,Barclays US Agg Bond TR USD,52.75,0.94,-1.17,2.7,USD,5,3.63,2.6,0.7,1.07
213,HSKAX,Barclays US Agg Bond TR USD,0.04,-0.02,-1.48,75.09,USD,5,3.17,-1.53,-0.49,-0.6
214,BFMCX,Barclays US Agg Bond TR USD,88.16,0.96,0.96,5.06,USD,5,2.88,4.93,1.66,3.17
215,TABRX,MSCI ACWI Ex USA NR USD,82.56,1.18,-8.77,-2.55,USD,5,21.34,-2.94,-0.04,-0.05
216,TEEMX,MSCI ACWI Ex USA NR USD,86.85,1.07,-1.69,3.59,USD,5,18.91,3.93,0.29,0.44
217,PTCIX,Barclays US Agg Bond TR USD,68.06,2.23,2.54,5.27,USD,5,7.61,11.8,1.5,2.67
218,TEMMX,MSCI ACWI Ex USA NR USD,74.73,0.96,2.75,8.16,USD,5,18.25,7.92,0.51,0.73
219,PRIPX,Barclays US Agg Bond TR USD,66.4,1.46,-2.33,2.34,USD,5,5.04,3.49,0.69,1.04
220,FMINX,Barclays Municipal TR USD,97.85,1.04,-0.93,4.12,USD,5,3.99,4.37,1.07,1.82
221,PGSGX,S&P 500 TR USD,56.04,1.23,-6.84,14.07,USD,5,19.92,17.8,0.92,1.58
222,PRLAX,MSCI ACWI Ex USA NR USD,73.17,1.23,-10.06,-3.61,USD,5,23.54,-4.36,-0.08,-0.11
223,FRESX,MSCI ACWI NR USD,54.85,0.88,8.99,20.74,USD,5,17.22,18.28,1.06,1.9
224,NNIBX,Barclays Municipal TR USD,92.88,0.84,-0.37,4.57,USD,5,3.29,3.9,1.16,2.06
225,FADTX,MSCI ACWI NR USD,73.44,1.04,5.41,15.34,USD,5,17.67,16.07,0.93,1.66
226,FSGEX,MSCI ACWI Ex USA NR USD,98.92,1.01,-0.24,5.28,USD,5,16.68,5.41,0.4,0.59
227,APSAX,Barclays US Agg Bond TR USD,64.63,1.49,-2.77,2.07,USD,5,5.24,3.17,0.61,0.88
228,FMSFX,Barclays US Agg Bond TR USD,83.58,0.78,0.98,5.3,USD,5,2.42,4.23,1.7,3.4
229,PHIYX,Barclays US Agg Bond TR USD,1.83,0.3,7.63,29.92,USD,5,6.27,9.07,1.41,2.43
230,FRNAX,Morningstar Moderate Target Risk,98.11,0.83,0.45,9.61,USD,5,7.1,8.08,1.12,1.94
231,PIPAX,MSCI ACWI Ex USA NR USD,83.82,0.7,7.72,17.66,USD,5,12.51,12.4,0.99,1.64
232,HLGFX,Barclays US Agg Bond TR USD,8.68,0.18,3.75,25.2,USD,5,1.73,4.62,2.59,12.92
233,BLADX,Barclays US Agg Bond TR USD,75.43,2.45,-2.21,3.06,USD,5,7.96,7.59,0.95,1.75
234,VSNGX,S&P 500 TR USD,83.34,1.07,-0.57,20.22,USD,5,14.98,18.37,1.2,2.15
235,FCEQX,S&P 500 TR USD,76.21,1.08,-1.79,18.81,USD,5,15.54,15.12,0.98,1.57
236,QVSCX,S&P 500 TR USD,76.93,1.07,-4.14,16.24,USD,5,15.72,13.84,0.9,1.43
237,PMBIX,Barclays US Agg Bond TR USD,76.15,0.99,0.22,4.24,USD,5,3.2,4.27,1.3,2.29
238,VSCGX,Morningstar Moderate Target Risk,96.31,0.67,1.42,11.28,USD,5,5.76,7.63,1.3,2.39
239,TICPX,Barclays US Agg Bond TR USD,77.33,0.89,1.44,5.69,USD,5,2.86,5.14,1.75,3.21
240,UMEMX,MSCI ACWI Ex USA NR USD,84.48,1.02,-0.8,4.45,USD,5,18.18,4.61,0.33,0.49
241,PRJPX,MSCI ACWI Ex USA NR USD,43.83,0.56,4.18,12.92,USD,5,13.91,7.33,0.57,0.87
242,FGIRX,S&P 500 TR USD,95.95,1.0,0.29,21.18,USD,5,13.54,15.73,1.15,1.91
243,BGPAX,Barclays US Agg Bond TR USD,69.32,0.85,0.18,4.23,USD,5,2.89,3.68,1.24,2.16
244,JPIAX,S&P 500 TR USD,96.18,1.05,0.62,21.62,USD,5,14.02,16.52,1.16,1.98
245,VTBIX,Barclays US Agg Bond TR USD,99.05,1.02,-0.24,3.78,USD,5,2.88,3.91,1.32,2.4
246,RLCAX,S&P 500 TR USD,92.99,1.09,-0.88,19.98,USD,5,14.07,16.99,1.19,2.0
247,AMHIX,Barclays Municipal TR USD,88.99,1.15,1.61,6.54,USD,5,4.6,7.56,1.6,2.62
248,FAGNX,MSCI ACWI NR USD,70.23,1.3,-5.53,4.49,USD,5,22.48,5.9,0.36,0.53
249,OPNYX,Barclays Municipal TR USD,81.16,1.77,-2.69,3.42,USD,5,7.44,6.12,0.83,1.2
250,VFSTX,Barclays US Agg Bond TR USD,43.86,0.35,1.39,8.08,USD,5,1.48,2.87,1.88,4.09
251,PPUAX,MSCI ACWI Ex USA NR USD,95.05,1.07,3.37,8.76,USD,5,18.08,9.48,0.59,0.93
252,TRGSX,MSCI ACWI Ex USA NR USD,88.29,0.98,5.36,11.32,USD,5,17.08,11.15,0.7,1.14
253,VWUSX,S&P 500 TR USD,82.49,1.16,-2.12,18.77,USD,5,15.23,15.79,1.04,1.76
254,BAPKX,Morningstar Moderate Target Risk,95.63,1.49,-2.35,7.24,USD,5,12.88,10.88,0.86,1.4
255,VSGBX,Barclays US Agg Bond TR USD,78.25,0.39,-0.17,3.56,USD,5,1.25,1.48,1.12,1.89
256,PSPTX,S&P 500 TR USD,92.11,1.05,2.54,23.83,USD,5,13.98,20.1,1.38,2.51
257,PEHAX,Morningstar Moderate Target Risk,78.86,0.69,0.02,8.99,USD,5,6.52,6.24,0.95,1.51
258,FEAAX,MSCI ACWI Ex USA NR USD,80.62,0.97,2.01,7.47,USD,5,17.67,7.3,0.48,0.71
259,PAGLX,MSCI ACWI Ex USA NR USD,90.65,0.97,5.22,11.29,USD,5,16.66,10.98,0.7,1.16
260,PRGMX,Barclays US Agg Bond TR USD,76.7,0.77,0.33,4.46,USD,5,2.48,3.5,1.37,2.45
261,NAESX,S&P 500 TR USD,78.62,1.18,-4.02,16.86,USD,5,17.46,18.2,1.04,1.81
262,SHGTX,MSCI ACWI NR USD,74.64,0.93,4.12,14.58,USD,5,15.59,13.59,0.89,1.56
263,FDSCX,S&P 500 TR USD,73.6,1.19,-7.7,13.26,USD,5,18.0,16.88,0.96,1.65
264,ONGAX,Morningstar Moderate Target Risk,94.82,1.49,-0.89,8.32,USD,5,12.9,12.45,0.97,1.61
265,FIAGX,MSCI ACWI Ex USA NR USD,93.77,0.93,4.03,10.22,USD,5,15.72,9.55,0.66,1.05
266,CMGUX,Barclays US Agg Bond TR USD,14.25,0.06,0.56,13.32,USD,5,0.45,0.87,1.78,4.92
267,FIHFX,Morningstar Moderate Target Risk,98.53,1.33,-1.58,7.71,USD,5,11.33,10.35,0.92,1.52
268,NMSAX,S&P 500 TR USD,71.07,1.17,-4.45,16.30,USD,5,17.24,18.03,1.05,1.82
269,FSELX,MSCI ACWI NR USD,58.94,1.15,7.18,16.03,USD,5,21.79,18.54,0.89,1.54
270,RFRAX,Barclays US Agg Bond TR USD,3.77,-0.27,7.37,-23.71,USD,5,3.93,6.48,1.6,2.51
271,FPBFX,MSCI ACWI Ex USA NR USD,83.2,0.9,6.84,13.59,USD,5,16.26,12.35,0.8,1.22
272,ABNDX,Barclays US Agg Bond TR USD,89.6,0.95,0.48,4.54,USD,5,2.84,4.4,1.51,2.73
273,PIGLX,Barclays US Agg Bond TR USD,44.32,1.45,-1.77,2.69,USD,5,6.14,3.97,0.65,0.99
274,VWITX,Barclays Municipal TR USD,97.78,0.91,-0.19,4.82,USD,5,3.5,4.48,1.25,2.24
275,FSENX,MSCI ACWI NR USD,70.2,1.3,-5.12,4.82,USD,5,22.47,6.32,0.38,0.56
276,VISVX,S&P 500 TR USD,80.52,1.18,-3.06,17.83,USD,5,16.94,17.55,1.04,1.75
277,FCAGX,S&P 500 TR USD,63.16,1.14,-4.75,15.78,USD,5,17.86,16.66,0.95,1.64
278,TGESX,MSCI ACWI Ex USA NR USD,90.74,0.85,5.52,12.58,USD,5,14.67,10.79,0.77,1.26
279,FFRAX,Barclays US Agg Bond TR USD,1.89,-0.16,5.14,-28.83,USD,5,3.24,4.63,1.39,2.37
280,FKIFX,Morningstar Moderate Target Risk,98.82,0.8,-0.01,9.02,USD,5,6.75,7.25,1.06,1.84
281,VASVX,S&P 500 TR USD,83.52,0.98,0.02,20.76,USD,5,13.79,16.45,1.17,2.04
282,PMEGX,S&P 500 TR USD,74.67,1.05,-0.86,19.80,USD,5,15.27,19.15,1.22,2.27
283,FHAIX,Barclays US Agg Bond TR USD,0.95,0.23,8.09,39.5,USD,5,6.72,9.24,1.34,2.36
284,PETAX,MSCI ACWI NR USD,37.95,0.86,13.51,26.33,USD,5,20.31,22.75,1.11,1.92
285,MANKX,Barclays Municipal TR USD,90.97,1.31,-0.87,4.35,USD,5,5.2,5.77,1.09,1.7
286,FRQAX,Morningstar Moderate Target Risk,98.24,0.95,0.26,9.32,USD,5,8.08,8.92,1.09,1.87
287,FAGIX,Barclays US Agg Bond TR USD,0.37,-0.18,11.01,-58.03,USD,5,8.35,10.5,1.23,2.05
288,REBAX,Barclays US Agg Bond TR USD,11.73,1.04,3.59,7.35,USD,5,8.54,7.7,0.9,1.36
289,FDESX,S&P 500 TR USD,93.84,1.06,-0.07,20.83,USD,5,14.48,17.41,1.18,2.08
290,PLDTX,Barclays US Agg Bond TR USD,50.68,0.4,0.58,5.47,USD,5,1.57,2.24,1.37,2.42
291,BRACX,Barclays US Agg Bond TR USD,68.84,1.16,2.29,6.09,USD,5,3.94,7.14,1.76,3.48
292,PRPIX,Barclays US Agg Bond TR USD,66.07,1.29,1.49,5.22,USD,5,4.49,6.83,1.48,2.7
293,TRRKX,Morningstar Moderate Target Risk,97.2,1.59,-1.31,8.07,USD,5,13.6,12.9,0.96,1.6
294,FASPX,S&P 500 TR USD,79.04,1.02,-0.96,19.65,USD,5,16.82,15.87,0.96,1.54
295,VBIIX,Barclays US Agg Bond TR USD,95.83,1.56,-0.9,3.43,USD,5,4.5,5.43,1.18,2.02
296,VGSTX,Morningstar Moderate Target Risk,98.48,1.07,0.78,9.83,USD,5,9.08,10.58,1.15,2.03
297,MAMTX,Barclays Municipal TR USD,94.64,1.14,-0.09,4.97,USD,5,4.42,5.72,1.26,2.2
298,FSLCX,S&P 500 TR USD,78.73,1.18,-7.81,13.16,USD,5,19.53,12.01,0.68,1.1
299,AADTX,Morningstar Moderate Target Risk,97.73,1.25,0.12,9.12,USD,5,10.68,11.49,1.07,1.81
300,ODMAX,MSCI ACWI Ex USA NR USD,86.55,1.0,2.05,7.53,USD,5,17.67,7.61,0.5,0.79
301,FHEAX,MSCI ACWI NR USD,56.47,0.91,8.4,19.65,USD,5,17.54,17.9,1.03,1.82
302,MKLVX,S&P 500 TR USD,87.04,1.08,-2.92,17.66,USD,5,15.31,13.23,0.89,1.38
303,FRVLX,S&P 500 TR USD,65.04,1.21,-7.18,13.79,USD,5,18.94,15.06,0.83,1.38
304,VHCOX,S&P 500 TR USD,69.49,1.01,4.26,25.78,USD,5,16.02,17.57,1.09,1.86
305,VBMFX,Barclays US Agg Bond TR USD,99.3,1.03,-0.32,3.7,USD,5,2.9,3.87,1.3,2.34
306,VCAIX,Barclays Municipal TR USD,97.03,0.96,0.22,5.28,USD,5,3.7,5.15,1.36,2.49
307,OIDAX,MSCI ACWI Ex USA NR USD,95.14,0.91,2.99,9.09,USD,5,15.35,8.37,0.6,0.92
308,ACTWX,S&P 500 TR USD,68.9,1.14,-5.75,14.84,USD,5,17.98,11.88,0.71,1.17
309,VINTX,Barclays Municipal TR USD,91.57,0.8,-0.57,4.3,USD,5,3.17,3.52,1.08,1.94
310,VTSMX,S&P 500 TR USD,98.66,1.03,-0.83,19.95,USD,5,13.57,16.21,1.18,2.03
311,TAFTX,Barclays Municipal TR USD,96.85,1.14,0.63,5.63,USD,5,4.4,6.51,1.44,2.44
312,AXBAX,Morningstar Moderate Target Risk,97.44,1.41,-1.11,8.13,USD,5,12.05,11.54,0.96,1.6
313,BAPGX,Morningstar Moderate Target Risk,95.42,1.47,-2.91,6.79,USD,5,12.66,10.04,0.81,1.31
314,NGAMX,Barclays Municipal TR USD,92.18,0.84,-0.42,4.51,USD,5,3.3,3.85,1.14,2.02
315,VDIGX,S&P 500 TR USD,91.58,0.87,0.3,21.04,USD,5,10.79,14.86,1.34,2.38
316,GEQAX,S&P 500 TR USD,88.2,0.86,0.04,20.68,USD,5,11.22,14.36,1.25,2.2
317,FTABX,Barclays Municipal TR USD,98.64,1.06,0.23,5.28,USD,5,4.02,5.65,1.37,2.37
318,AQEAX,S&P 500 TR USD,95.99,1.1,-1.2,19.66,USD,5,13.46,17.05,1.24,2.14
319,VFIFX,Morningstar Moderate Target Risk,98.11,1.48,-1.0,8.25,USD,5,12.6,12.28,0.98,1.63
320,BAEDX,Barclays US Agg Bond TR USD,15.97,1.13,0.64,4.38,USD,5,7.99,5.03,0.65,0.93
321,FSTGX,Barclays US Agg Bond TR USD,87.94,0.79,-0.81,2.96,USD,5,2.38,2.41,0.98,1.66
322,FMHTX,Barclays Municipal TR USD,97.88,0.87,0.2,5.27,USD,5,3.35,4.69,1.36,2.37
323,FSIIX,MSCI ACWI Ex USA NR USD,96.43,1.01,0.69,6.23,USD,5,16.87,6.36,0.44,0.68
324,TRRIX,Morningstar Moderate Target Risk,98.69,0.77,0.19,9.29,USD,5,6.57,7.27,1.09,1.89
325,OAMIX,Morningstar Moderate Target Risk,98.27,1.02,-0.3,8.71,USD,5,8.65,8.93,1.02,1.74
326,FFFZX,Morningstar Moderate Target Risk,97.54,1.5,-2.53,7.13,USD,5,12.86,10.81,0.86,1.39
327,VTTHX,Morningstar Moderate Target Risk,98.14,1.45,-1.04,8.21,USD,5,12.33,11.96,0.98,1.62
328,FFXSX,Barclays US Agg Bond TR USD,74.92,0.42,-0.33,3.2,USD,5,1.37,1.42,0.98,1.62
329,TINCX,Morningstar Moderate Target Risk,93.58,1.46,-4.01,5.96,USD,5,12.77,8.81,0.72,1.13
330,FDCPX,MSCI ACWI NR USD,67.73,1.04,6.43,16.36,USD,5,18.32,17.05,0.95,1.65
331,FLCSX,S&P 500 TR USD,92.8,1.1,0.51,21.53,USD,5,15.1,17.32,1.13,1.95
332,FLSAX,S&P 500 TR USD,71.88,1.11,-0.37,20.41,USD,5,18.63,16.57,0.92,1.48
333,FRBSX,S&P 500 TR USD,77.94,1.1,-5.36,15.07,USD,5,15.84,13.45,0.87,1.39
334,OPITX,Barclays Municipal TR USD,74.1,0.74,0.65,5.92,USD,5,3.27,4.48,1.33,2.15
335,VGENX,MSCI ACWI NR USD,75.82,1.22,-6.93,3.28,USD,5,20.38,4.08,0.29,0.42
336,FRFLX,Barclays Municipal TR USD,90.0,1.07,-1.08,3.99,USD,5,4.27,4.34,1.0,1.54
337,PCIMX,Barclays Municipal TR USD,82.24,0.73,0.42,5.62,USD,5,3.04,4.16,1.34,2.56
338,FUSEX,S&P 500 TR USD,100.0,1.0,-0.09,20.76,USD,5,12.98,15.86,1.2,2.08
339,CREEX,MSCI ACWI NR USD,53.71,0.85,7.75,19.44,USD,5,16.81,16.56,1.0,1.77
340,VUSTX,Barclays US Agg Bond TR USD,65.34,3.4,-5.44,2.27,USD,5,11.88,7.81,0.69,1.3
341,FREEX,MSCI ACWI NR USD,53.69,0.84,8.51,20.57,USD,5,16.68,17.38,1.04,1.86
342,FDVLX,S&P 500 TR USD,85.87,1.1,-0.03,20.88,USD,5,16.27,17.43,1.07,1.75
343,FLCEX,S&P 500 TR USD,98.46,1.0,0.27,21.17,USD,5,12.9,16.09,1.22,2.09
344,BFRAX,Barclays US Agg Bond TR USD,1.14,-0.13,6.13,-43.09,USD,5,3.49,5.76,1.6,2.57
345,PRGSX,MSCI ACWI Ex USA NR USD,88.26,0.98,5.4,11.34,USD,5,17.12,11.19,0.7,1.14
346,FDASX,Morningstar Moderate Target Risk,90.07,1.09,-2.82,6.2,USD,5,9.68,6.83,0.72,1.14
347,FIREX,MSCI ACWI NR USD,82.03,1.16,-1.93,7.74,USD,5,18.58,9.04,0.56,0.86
348,PARFX,Morningstar Moderate Target Risk,97.18,1.59,-1.54,7.9,USD,5,13.57,12.61,0.94,1.57
349,FKCGX,S&P 500 TR USD,74.06,1.15,-6.38,14.32,USD,5,15.39,13.49,0.9,1.56
350,SMGIX,S&P 500 TR USD,96.37,1.05,0.32,21.28,USD,5,14.14,16.55,1.15,1.98
351,FRRAX,Barclays US Agg Bond TR USD,1.07,0.18,1.34,11.14,USD,5,4.78,2.03,0.43,0.62
352,IUTIX,Barclays US Agg Bond TR USD,82.29,1.14,-1.49,2.66,USD,5,3.54,3.11,0.86,1.52
353,PRTNX,Barclays US Agg Bond TR USD,64.14,1.61,-2.54,2.36,USD,5,5.68,3.88,0.68,1.01
354,VWAHX,Barclays Municipal TR USD,96.72,1.13,0.3,5.33,USD,5,4.36,6.1,1.37,2.29
355,FTRTX,Morningstar Moderate Target Risk,95.54,1.19,-0.95,8.13,USD,5,10.24,9.72,0.95,1.61
356,FRSTX,Barclays US Agg Bond TR USD,3.85,0.34,5.15,19.25,USD,5,4.92,6.66,1.32,2.23
357,TFMAX,MSCI ACWI Ex USA NR USD,60.81,0.62,1.55,8.06,USD,5,13.06,5.08,0.44,0.61
358,BACAX,MSCI ACWI NR USD,64.66,1.25,-9.22,1.13,USD,5,22.51,1.49,0.18,0.24
359,AEPGX,MSCI ACWI Ex USA NR USD,96.83,0.95,1.35,7.1,USD,5,15.8,6.8,0.49,0.74
360,PFMIX,Barclays Municipal TR USD,88.16,1.1,0.33,5.36,USD,5,4.46,5.99,1.31,2.25
361,PRFEX,MSCI ACWI Ex USA NR USD,95.92,1.01,1.71,7.29,USD,5,16.96,7.45,0.5,0.79
362,PRWAX,S&P 500 TR USD,74.05,1.02,-1.18,19.35,USD,5,14.33,16.34,1.13,2.05
363,TGTRX,Barclays US Agg Bond TR USD,0.22,0.15,7.35,53.78,USD,5,8.7,7.91,0.91,1.38
364,AAATX,Morningstar Moderate Target Risk,96.2,0.72,1.95,11.91,USD,5,6.2,8.67,1.36,2.51
365,FJSCX,MSCI ACWI Ex USA NR USD,33.18,0.66,7.22,15.92,USD,5,18.71,10.53,0.62,1.11
366,PTLDX,Barclays US Agg Bond TR USD,30.2,0.39,1.16,6.98,USD,5,2.02,2.83,1.35,2.25
367,BAPDX,Morningstar Moderate Target Risk,97.2,1.12,-0.53,8.51,USD,5,9.58,9.6,1.0,1.68
368,SSGRX,MSCI ACWI NR USD,57.11,1.45,-13.08,-1.11,USD,5,27.92,-1.54,0.08,0.11
369,FTQGX,S&P 500 TR USD,71.98,1.07,-2.29,18.21,USD,5,15.03,16.84,1.11,1.93
370,MDLRX,S&P 500 TR USD,90.77,1.08,-2.61,18.02,USD,5,15.08,14.04,0.94,1.52
371,VEXPX,S&P 500 TR USD,73.91,1.2,-5.08,15.86,USD,5,17.43,17.97,1.04,1.85
372,TRSGX,Morningstar Moderate Target Risk,97.17,1.51,-0.83,8.38,USD,5,12.92,12.73,0.99,1.66
373,IGBFX,Barclays US Agg Bond TR USD,29.37,1.12,-3.02,1.15,USD,5,5.83,1.37,0.25,0.34
374,POFAX,Morningstar Moderate Target Risk,84.81,0.91,-0.68,8.17,USD,5,8.32,7.5,0.9,1.42
375,MDLHX,S&P 500 TR USD,89.49,1.12,-2.61,18.17,USD,5,15.34,15.04,0.99,1.64
376,MKLRX,S&P 500 TR USD,90.67,1.08,-2.11,18.57,USD,5,15.12,14.59,0.98,1.58
377,FBIOX,MSCI ACWI NR USD,36.17,0.86,21.59,38.02,USD,5,20.76,32.75,1.48,2.91
378,PLDIX,Barclays US Agg Bond TR USD,36.74,0.41,1.26,7.14,USD,5,1.9,2.98,1.52,2.6
379,UBVLX,S&P 500 TR USD,79.07,1.17,-2.23,18.63,USD,5,18.12,20.02,1.1,1.97
380,QVOPX,Morningstar Moderate Target Risk,64.15,0.61,-1.64,6.09,USD,5,6.39,3.77,0.6,0.94
381,FSESX,MSCI ACWI NR USD,59.18,1.49,-7.62,2.82,USD,5,28.21,4.29,0.29,0.4
382,FGOVX,Barclays US Agg Bond TR USD,91.86,1.0,-0.85,3.14,USD,5,2.94,3.22,1.07,1.92
383,USPAX,MSCI ACWI Ex USA NR USD,85.26,0.84,2.64,8.89,USD,5,14.87,7.51,0.56,0.84
384,OPTAX,Barclays Municipal TR USD,81.36,1.76,-0.25,4.89,USD,5,7.41,8.7,1.16,1.8
385,FFTHX,Morningstar Moderate Target Risk,97.76,1.45,-2.27,7.27,USD,5,12.35,10.59,0.87,1.41
386,FHKCX,MSCI ACWI Ex USA NR USD,72.28,0.92,3.29,8.97,USD,5,17.69,8.29,0.54,0.78
387,VIGRX,S&P 500 TR USD,89.94,1.06,-1.26,19.48,USD,5,14.01,16.83,1.18,2.09
388,OTCFX,S&P 500 TR USD,69.78,1.1,-3.13,17.39,USD,5,17.36,19.23,1.1,1.96
389,FIUIX,MSCI ACWI NR USD,42.15,0.5,10.55,32.67,USD,5,11.19,16.42,1.42,2.64
390,ANWPX,MSCI ACWI Ex USA NR USD,92.01,0.82,6.23,13.81,USD,5,14.1,11.45,0.84,1.37
391,PBDIX,Barclays US Agg Bond TR USD,98.6,1.0,-0.04,3.99,USD,5,2.83,4.05,1.39,2.57
392,MSIGX,S&P 500 TR USD,93.76,1.04,-1.23,19.46,USD,5,12.92,14.84,1.13,2.02
393,TRHYX,Barclays US Agg Bond TR USD,0.44,0.16,8.72,61.35,USD,5,6.64,9.6,1.41,2.39
394,VFISX,Barclays US Agg Bond TR USD,67.73,0.33,-0.33,2.98,USD,5,1.12,1.05,0.87,1.41
395,TEGOX,MSCI ACWI Ex USA NR USD,94.74,0.97,2.43,8.17,USD,5,16.42,8.03,0.55,0.84
396,FTTMX,Barclays Municipal TR USD,90.2,0.99,-0.75,4.25,USD,5,3.95,4.29,1.06,1.68
397,TEPLX,MSCI ACWI Ex USA NR USD,93.63,0.99,4.68,10.58,USD,5,16.76,10.53,0.68,1.07
398,JPSAX,S&P 500 TR USD,92.28,1.07,-1.17,19.61,USD,5,13.14,14.0,1.06,1.78
399,ABUAX,Morningstar Moderate Target Risk,98.75,0.94,0.51,9.62,USD,5,8.02,9.16,1.13,1.95
400,TRIGX,MSCI ACWI Ex USA NR USD,96.04,1.02,1.01,6.53,USD,5,17.13,6.75,0.46,0.71
401,OPPAX,MSCI ACWI Ex USA NR USD,91.47,0.93,5.88,12.32,USD,5,16.03,11.58,0.76,1.24
402,FSCDX,S&P 500 TR USD,79.57,1.25,-8.64,12.83,USD,5,16.31,13.17,0.84,1.34
403,QVGIX,Morningstar Moderate Target Risk,92.92,1.24,-3.94,5.54,USD,5,10.83,6.93,0.67,1.05
404,VTIVX,Morningstar Moderate Target Risk,98.15,1.48,-1.02,8.24,USD,5,12.61,12.27,0.98,1.63
405,OACIX,Morningstar Moderate Target Risk,94.81,0.67,0.36,9.59,USD,5,5.82,6.52,1.1,1.88
406,VUVLX,S&P 500 TR USD,93.44,1.05,0.67,21.66,USD,5,13.74,16.89,1.2,2.07
407,FRDPX,S&P 500 TR USD,85.86,0.85,-0.91,19.36,USD,5,10.88,15.02,1.34,2.55
408,FSEMX,S&P 500 TR USD,78.89,1.18,-3.73,17.14,USD,5,16.62,18.07,1.08,1.87
409,FARSX,Morningstar Moderate Target Risk,98.23,1.01,0.06,9.1,USD,5,8.59,9.25,1.07,1.82
410,FBTAX,MSCI ACWI NR USD,37.1,0.85,21.28,37.92,USD,5,20.3,32.35,1.49,2.92
411,TRRBX,Morningstar Moderate Target Risk,98.37,1.28,-0.68,8.43,USD,5,10.9,10.88,1.0,1.69
412,FSLEX,MSCI ACWI NR USD,80.97,0.99,0.42,10.17,USD,5,15.95,10.12,0.68,1.04
413,FKSCX,MSCI ACWI Ex USA NR USD,81.35,0.84,5.48,12.54,USD,5,15.2,10.55,0.73,1.2
414,VIPSX,Barclays US Agg Bond TR USD,67.04,1.53,-2.43,2.35,USD,5,5.27,3.67,0.7,1.05
415,PRHSX,MSCI ACWI NR USD,57.31,0.79,18.2,36.26,USD,5,15.16,28.72,1.75,3.62
416,JSRAX,Morningstar Moderate Target Risk,95.64,0.7,0.72,10.11,USD,5,6.02,7.13,1.16,2.04
417,FRMCX,S&P 500 TR USD,53.21,0.86,-1.73,18.02,USD,5,15.1,14.54,0.97,1.67
418,VTMFX,Morningstar Moderate Target Risk,92.46,0.73,3.3,13.92,USD,5,6.37,10.18,1.55,2.93
419,FIIAX,S&P 500 TR USD,83.01,1.19,-7.06,13.96,USD,5,14.22,13.5,0.96,1.66
420,FBDIX,MSCI ACWI NR USD,36.79,0.84,19.79,35.97,USD,5,20.15,30.34,1.42,2.75
421,MKLHX,S&P 500 TR USD,90.07,1.13,-1.14,19.76,USD,5,15.42,16.49,1.07,1.79
422,VSEAX,S&P 500 TR USD,75.52,1.05,-2.38,18.10,USD,5,15.47,18.22,1.16,2.04
423,PRVAX,Barclays Municipal TR USD,97.6,1.12,-0.72,4.38,USD,5,4.3,4.99,1.14,1.84
424,VEURX,MSCI ACWI Ex USA NR USD,93.14,1.14,0.42,5.67,USD,5,19.35,6.52,0.42,0.64
425,PFUIX,Barclays US Agg Bond TR USD,29.38,1.51,-2.52,2.16,USD,5,7.88,3.34,0.45,0.66
426,ONIAX,Barclays US Agg Bond TR USD,65.36,0.76,2.58,7.53,USD,5,2.66,5.81,2.12,4.62
427,FBMAX,S&P 500 TR USD,90.96,1.07,-1.77,18.95,USD,5,15.01,15.64,1.04,1.79
428,FFNAX,Morningstar Moderate Target Risk,97.4,0.74,0.95,10.4,USD,5,6.35,7.8,1.2,2.22
429,SRJAX,Morningstar Moderate Target Risk,97.28,1.56,-1.84,7.68,USD,5,13.39,12.1,0.92,1.52
430,MGCSX,MSCI ACWI Ex USA NR USD,85.04,0.91,7.76,14.72,USD,5,16.19,13.47,0.86,1.43
431,TRBCX,S&P 500 TR USD,75.43,1.13,-0.9,19.90,USD,5,15.46,17.76,1.14,2.01
432,FMCSX,S&P 500 TR USD,80.65,1.11,-3.37,17.28,USD,5,16.15,16.89,1.05,1.76
433,FCLAX,MSCI ACWI NR USD,80.04,1.08,6.45,16.34,USD,5,17.6,17.78,1.02,1.74
434,VEXMX,S&P 500 TR USD,78.67,1.18,-3.75,17.12,USD,5,16.84,18.04,1.07,1.84
435,VSBPX,S&P 500 TR USD,98.21,1.1,-0.4,20.56,USD,5,14.01,18.08,1.26,2.2
436,TRRNX,Morningstar Moderate Target Risk,97.18,1.58,-1.26,8.1,USD,5,13.55,12.9,0.96,1.61
437,PMBAX,Barclays Municipal TR USD,95.86,0.95,-0.39,4.61,USD,5,3.66,4.44,1.18,2.07
438,AHITX,Barclays US Agg Bond TR USD,0.25,0.11,7.87,75.8,USD,5,6.32,8.51,1.32,2.21
439,TBOAX,Barclays US Agg Bond TR USD,0.86,0.25,3.98,19.12,USD,5,7.63,4.87,0.65,0.98
440,SSCVX,S&P 500 TR USD,76.94,1.32,-5.42,16.08,USD,5,18.01,16.72,0.95,1.59
441,OAAIX,MSCI ACWI Ex USA NR USD,91.49,0.86,6.13,13.36,USD,5,14.67,11.49,0.81,1.33
442,OEQAX,S&P 500 TR USD,93.44,1.02,-2.63,17.83,USD,5,13.97,13.17,0.95,1.6
443,OPSIX,Barclays US Agg Bond TR USD,10.25,0.62,4.04,10.52,USD,5,5.51,6.65,1.19,1.91
444,NSMIX,Barclays Municipal TR USD,60.34,0.13,0.51,8.87,USD,5,0.65,1.25,1.81,3.49
445,PEMIX,Barclays US Agg Bond TR USD,11.78,0.76,3.2,8.17,USD,5,6.26,6.3,1.0,1.53
446,VWINX,Morningstar Moderate Target Risk,73.44,0.47,4.91,19.98,USD,5,4.67,9.55,1.97,4.23
447,FEQIX,S&P 500 TR USD,91.24,0.9,-0.02,20.67,USD,5,14.26,12.8,0.91,1.47
448,FFVFX,Morningstar Moderate Target Risk,98.49,0.92,-0.15,8.85,USD,5,7.8,8.2,1.04,1.77
449,CMBFX,Barclays Municipal TR USD,97.06,0.86,-0.46,4.49,USD,5,3.29,3.92,1.16,2.04
450,FMVAX,S&P 500 TR USD,82.89,0.96,-2.0,18.25,USD,5,14.22,14.32,1.01,1.66
451,FUSIX,MSCI ACWI Ex USA NR USD,96.36,1.01,1.4,6.97,USD,5,16.87,7.1,0.49,0.74
452,FSCRX,S&P 500 TR USD,70.0,1.15,-1.88,18.86,USD,5,17.79,20.95,1.16,2.05
453,SMCWX,MSCI ACWI Ex USA NR USD,83.21,0.87,6.95,14.12,USD,5,15.62,12.33,0.82,1.33
454,BAICX,Morningstar Moderate Target Risk,92.0,0.76,2.23,12.19,USD,5,6.64,9.28,1.36,2.53
455,FCYIX,MSCI ACWI NR USD,80.04,1.08,6.69,16.63,USD,5,17.51,18.0,1.03,1.77
456,FLVAX,S&P 500 TR USD,91.96,1.07,-3.46,17.09,USD,5,14.51,12.48,0.88,1.42
457,FXIFX,Morningstar Moderate Target Risk,98.44,1.19,-1.01,8.09,USD,5,10.13,9.71,0.96,1.61
458,HLGAX,Barclays US Agg Bond TR USD,87.53,1.24,-1.0,3.19,USD,5,3.75,4.04,1.06,1.85
459,VPGDX,Morningstar Moderate Target Risk,98.19,1.15,-0.51,8.54,USD,5,9.77,9.87,1.01,1.71
460,FSMVX,S&P 500 TR USD,87.41,1.1,1.13,22.18,USD,5,15.23,19.3,1.24,2.15
461,VGTSX,MSCI ACWI Ex USA NR USD,98.61,1.02,-0.28,5.23,USD,5,16.91,5.42,0.39,0.59
462,FATHX,Morningstar Moderate Target Risk,97.68,1.45,-2.34,7.22,USD,5,12.36,10.52,0.87,1.41
463,FSAIX,MSCI ACWI NR USD,44.84,0.81,17.06,33.39,USD,5,17.56,27.11,1.46,3.4
464,EQPGX,S&P 500 TR USD,67.81,1.03,-1.01,19.51,USD,5,15.46,17.79,1.14,2.02
465,OOSAX,Barclays US Agg Bond TR USD,3.0,-0.21,7.56,-32.68,USD,5,3.43,6.95,1.96,3.26
466,VTTVX,Morningstar Moderate Target Risk,98.76,1.19,-0.12,8.92,USD,5,10.13,10.71,1.05,1.79
467,RPSIX,Barclays US Agg Bond TR USD,8.14,0.46,4.31,13.49,USD,5,4.56,6.29,1.35,2.33
468,VBLTX,Barclays US Agg Bond TR USD,79.56,2.8,-2.6,3.04,USD,5,8.85,8.59,0.97,1.82
469,JPGSX,S&P 500 TR USD,90.68,1.04,0.47,21.42,USD,5,14.26,17.48,1.2,2.1
470,FTFIX,Barclays Municipal TR USD,96.0,1.11,-0.45,4.62,USD,5,4.3,5.21,1.19,1.94
471,OPMSX,S&P 500 TR USD,81.73,1.11,-2.21,18.52,USD,5,16.6,17.56,1.06,1.84
472,ALDAX,Barclays US Agg Bond TR USD,16.04,0.29,2.11,11.36,USD,5,2.04,3.37,1.6,3.1
473,SMCEX,S&P 500 TR USD,64.81,1.17,-8.29,12.42,USD,5,17.9,14.99,0.87,1.46
474,VEUAX,MSCI ACWI Ex USA NR USD,89.65,1.19,2.72,7.57,USD,5,20.69,9.11,0.52,0.83
475,COTZX,Morningstar Moderate Target Risk,86.38,0.98,1.62,10.78,USD,5,8.88,10.61,1.18,2.16
476,ASBAX,Barclays US Agg Bond TR USD,72.38,0.25,-0.38,2.48,USD,5,0.83,0.7,0.75,1.15
477,BAPCX,Morningstar Moderate Target Risk,97.48,1.01,-0.23,8.78,USD,5,8.66,8.97,1.03,1.74
478,TEMFX,MSCI ACWI Ex USA NR USD,91.63,1.07,0.52,5.86,USD,5,18.28,6.32,0.42,0.64
479,STLDX,Morningstar Moderate Target Risk,98.43,1.23,-1.92,7.31,USD,5,10.44,9.05,0.88,1.44
480,FINEX,MSCI ACWI Ex USA NR USD,89.96,1.03,0.32,5.69,USD,5,17.77,5.91,0.41,0.61
481,FICNX,Barclays Municipal TR USD,97.49,0.95,-0.49,4.5,USD,5,3.63,4.34,1.17,2.02
482,PIGIX,Barclays US Agg Bond TR USD,50.81,1.19,3.11,6.74,USD,5,4.72,8.12,1.67,2.92
483,OIEAX,MSCI ACWI Ex USA NR USD,94.98,1.08,-0.85,4.56,USD,5,18.21,5.01,0.36,0.53
484,OPNCX,Barclays Municipal TR USD,76.86,1.64,-2.16,3.64,USD,5,7.11,6.06,0.85,1.28
485,JPIOX,MSCI ACWI Ex USA NR USD,95.52,1.04,0.54,5.99,USD,5,17.45,6.3,0.43,0.65
486,AAGTX,Morningstar Moderate Target Risk,97.5,1.39,-0.38,8.71,USD,5,11.91,12.21,1.02,1.72
487,RMUNX,Barclays Municipal TR USD,75.63,1.67,-2.38,3.52,USD,5,7.29,5.95,0.82,1.19
488,JPDVX,Morningstar Moderate Target Risk,98.08,1.2,0.22,9.22,USD,5,10.2,11.12,1.08,1.85
489,NLGAX,Morningstar Moderate Target Risk,95.85,0.65,1.88,12.09,USD,5,5.63,7.96,1.38,2.5
490,VITPX,S&P 500 TR USD,98.7,1.03,-0.6,20.20,USD,5,13.58,16.43,1.19,2.06
491,FSEAX,MSCI ACWI Ex USA NR USD,81.0,0.97,2.49,7.98,USD,5,17.72,7.83,0.51,0.75
492,PRCOX,S&P 500 TR USD,99.18,1.03,-0.91,19.84,USD,5,13.22,15.15,1.13,1.94
493,VEIEX,MSCI ACWI Ex USA NR USD,85.45,1.07,-2.06,3.21,USD,5,19.04,3.52,0.27,0.4
494,NMPAX,S&P 500 TR USD,81.44,1.13,-3.76,16.96,USD,5,15.9,17.54,1.1,1.9
495,FAFAX,Morningstar Moderate Target Risk,93.4,0.4,1.07,11.77,USD,5,3.54,4.85,1.34,2.43
496,FBIFX,Morningstar Moderate Target Risk,98.41,1.35,-1.58,7.72,USD,5,11.45,10.46,0.92,1.52
497,MFHQX,Barclays US Agg Bond TR USD,75.04,0.95,1.32,5.46,USD,5,3.08,5.25,1.65,3.14
498,JPDEX,S&P 500 TR USD,94.93,1.1,-1.39,19.46,USD,5,14.31,15.48,1.08,1.85
499,FSICX,Barclays US Agg Bond TR USD,16.16,0.65,3.47,9.45,USD,5,4.55,6.2,1.33,2.22
500,TILCX,S&P 500 TR USD,92.09,0.99,1.38,22.47,USD,5,13.83,15.17,1.09,1.78
501,STLEX,Morningstar Moderate Target Risk,98.08,1.45,-2.84,6.84,USD,5,12.33,9.97,0.83,1.34
502,VWLTX,Barclays Municipal TR USD,98.35,1.11,-0.18,4.88,USD,5,4.26,5.52,1.27,2.15
503,SEEGX,S&P 500 TR USD,71.23,1.1,-4.49,15.98,USD,5,14.61,16.8,1.14,2.06
504,MUTHX,S&P 500 TR USD,89.96,0.88,-0.58,19.89,USD,5,11.52,12.84,1.1,1.83
505,FTRAX,Morningstar Moderate Target Risk,96.75,0.94,-0.66,8.27,USD,5,8.1,7.88,0.97,1.65
506,MDGCX,MSCI ACWI Ex USA NR USD,85.27,0.92,6.25,12.81,USD,5,16.29,11.81,0.76,1.24
507,FVSAX,S&P 500 TR USD,96.76,1.03,-0.49,20.32,USD,5,13.43,14.47,1.07,1.79
508,PSTKX,S&P 500 TR USD,98.67,1.03,1.34,22.47,USD,5,13.93,17.81,1.25,2.18
509,FMTIX,Morningstar Moderate Target Risk,97.41,0.95,-0.44,8.52,USD,5,8.09,8.14,1.0,1.69
510,VTRIX,MSCI ACWI Ex USA NR USD,97.06,1.04,0.13,5.6,USD,5,17.37,5.91,0.41,0.63
511,PAULX,S&P 500 TR USD,96.89,0.94,0.47,21.36,USD,5,13.41,15.12,1.12,1.89
512,FFKFX,Morningstar Moderate Target Risk,97.65,1.47,-2.21,7.33,USD,5,12.54,10.84,0.88,1.42
513,FTOIX,Barclays Municipal TR USD,95.85,1.18,-1.51,3.72,USD,5,4.57,4.46,0.96,1.56
514,BMEAX,S&P 500 TR USD,76.49,1.09,-2.9,17.67,USD,5,16.27,15.27,0.95,1.6
515,PRMSX,MSCI ACWI Ex USA NR USD,83.36,1.05,-1.52,3.7,USD,5,18.83,3.95,0.3,0.44
516,PCRIX,Morningstar Long-Only Commodity TR,87.83,0.99,-0.87,-1.32,USD,5,16.82,-1.23,0.01,0.01
517,PRNYX,Barclays Municipal TR USD,97.58,1.11,-0.53,4.55,USD,5,4.26,5.14,1.18,1.93
518,FLPSX,S&P 500 TR USD,86.12,1.05,-2.14,18.42,USD,5,13.73,16.51,1.18,2.05
519,ONGIX,Morningstar Moderate Target Risk,96.24,1.18,-0.26,8.78,USD,5,10.16,10.44,1.02,1.73
520,OPPEX,Morningstar Moderate Target Risk,86.48,0.5,3.71,16.9,USD,5,4.52,8.49,1.82,3.65
521,INEGX,S&P 500 TR USD,92.61,1.05,-4.52,15.84,USD,5,14.89,11.43,0.8,1.29
522,JTTAX,Morningstar Moderate Target Risk,97.82,1.12,-0.15,8.87,USD,5,9.56,10.02,1.04,1.8
523,FKINX,Morningstar Moderate Target Risk,85.58,0.97,1.67,10.85,USD,5,8.84,10.58,1.18,2.08
524,BAAPX,S&P 500 TR USD,93.41,1.1,-5.26,15.28,USD,5,14.24,12.43,0.89,1.44
525,ATMAX,Barclays US Agg Bond TR USD,1.56,0.11,1.59,18.71,USD,5,2.42,2.08,0.83,1.35
526,FVDFX,S&P 500 TR USD,93.52,1.01,1.08,22.12,USD,5,14.85,16.2,1.09,1.77
527,BAPHX,Morningstar Moderate Target Risk,95.72,1.48,-2.72,6.95,USD,5,12.73,10.34,0.83,1.34
528,VHIAX,S&P 500 TR USD,72.74,1.2,-2.54,18.36,USD,5,16.57,17.98,1.08,1.97
529,FDCAX,S&P 500 TR USD,73.68,0.95,2.81,24.17,USD,5,14.61,18.19,1.22,2.29
530,PRFSX,Barclays Municipal TR USD,77.44,0.36,0.39,6.1,USD,5,1.56,2.29,1.41,2.5
531,OSTAX,Barclays Municipal TR USD,73.14,0.29,-0.43,3.48,USD,5,1.27,1.08,0.79,1.24
532,VTMSX,S&P 500 TR USD,71.78,1.16,-3.95,16.80,USD,5,17.17,18.52,1.08,1.88
533,FISAX,Barclays US Agg Bond TR USD,10.03,0.06,0.68,15.0,USD,5,0.56,1.01,1.68,3.64
534,FSCGX,MSCI ACWI NR USD,79.95,1.19,3.63,12.95,USD,5,19.27,15.44,0.84,1.44
535,SMTAX,Morningstar Moderate Target Risk,97.21,1.58,-1.73,7.77,USD,5,13.49,12.31,0.93,1.53
536,MDFGX,S&P 500 TR USD,73.48,1.13,-4.59,16.01,USD,5,15.5,13.45,0.89,1.47
537,JTARX,Barclays Municipal TR USD,48.9,0.67,-0.82,3.74,USD,5,3.63,2.58,0.7,1.17
538,VTHRX,Morningstar Moderate Target Risk,98.46,1.32,-0.58,8.53,USD,5,11.23,11.34,1.01,1.7
539,VWIGX,MSCI ACWI Ex USA NR USD,96.63,1.07,2.16,7.58,USD,5,17.85,8.18,0.53,0.82
540,MDEGX,MSCI ACWI Ex USA NR USD,88.86,0.78,4.8,12.26,USD,5,13.59,9.65,0.74,1.17
541,RRIAX,S&P 500 TR USD,61.08,1.25,-4.73,16.25,USD,5,21.22,16.17,0.81,1.34
542,FFTWX,Morningstar Moderate Target Risk,98.25,1.23,-1.29,7.87,USD,5,10.44,9.73,0.94,1.55
543,NCMAX,Barclays Municipal TR USD,95.85,0.98,0.04,5.08,USD,5,3.81,5.08,1.3,2.36
544,FMDTX,Barclays Municipal TR USD,94.52,1.2,-1.56,3.68,USD,5,4.66,4.48,0.95,1.45
545,POMIX,S&P 500 TR USD,98.56,1.04,-0.84,19.95,USD,5,13.62,16.11,1.16,2.01
546,FLATX,MSCI ACWI Ex USA NR USD,72.32,1.1,-10.04,-4.33,USD,5,21.2,-4.68,-0.12,-0.17
547,OAEIX,S&P 500 TR USD,88.62,1.08,-1.52,19.22,USD,5,14.59,15.13,1.04,1.73
548,FTCIX,Morningstar Moderate Target Risk,96.81,0.76,-0.24,8.69,USD,5,6.48,6.64,1.02,1.7
549,CGIAX,MSCI ACWI Ex USA NR USD,95.41,0.86,2.5,8.74,USD,5,14.54,7.64,0.57,0.89
550,AMUSX,Barclays US Agg Bond TR USD,89.94,0.98,-0.97,2.99,USD,5,2.9,2.99,1.01,1.81
551,TEMGX,MSCI ACWI Ex USA NR USD,86.6,0.96,3.9,9.72,USD,5,16.97,9.43,0.61,0.92
552,AMVAX,S&P 500 TR USD,76.17,1.08,-3.43,17.06,USD,5,16.11,14.64,0.93,1.5
553,AUSAX,S&P 500 TR USD,64.29,1.2,-7.28,13.62,USD,5,18.8,15.17,0.84,1.44
554,PNYIX,Barclays Municipal TR USD,91.02,0.91,0.15,5.21,USD,5,3.6,4.8,1.3,2.25
555,FSIGX,Barclays US Agg Bond TR USD,96.6,1.02,0.44,4.47,USD,5,2.92,4.63,1.54,2.89
556,AIOAX,Barclays US Agg Bond TR USD,4.12,0.44,6.92,19.97,USD,5,6.16,8.92,1.41,2.56
557,FCPEX,S&P 500 TR USD,74.75,1.25,-5.51,15.67,USD,5,17.97,18.03,1.01,1.76
558,FSTMX,S&P 500 TR USD,98.71,1.04,-0.84,19.94,USD,5,13.53,16.28,1.18,2.05
559,JLCAX,S&P 500 TR USD,93.88,1.11,-1.4,19.47,USD,5,14.45,15.16,1.05,1.82
560,TRRGX,Morningstar Moderate Target Risk,98.75,1.15,-0.42,8.63,USD,5,9.74,9.98,1.02,1.74
561,VEIPX,S&P 500 TR USD,89.15,0.9,0.61,21.47,USD,5,11.39,16.36,1.39,2.47
562,MABAX,S&P 500 TR USD,88.55,1.11,-2.41,18.34,USD,5,14.65,14.34,0.99,1.62
563,VPACX,MSCI ACWI Ex USA NR USD,78.26,0.79,1.55,7.58,USD,5,14.65,6.06,0.47,0.69
564,JPIVX,S&P 500 TR USD,93.46,1.05,0.56,21.54,USD,5,14.13,15.83,1.11,1.86
565,JTIAX,Barclays Municipal TR USD,93.97,0.88,0.49,5.62,USD,5,3.46,5.05,1.42,2.6
566,FMIAX,MSCI ACWI Ex USA NR USD,89.25,0.74,3.16,10.24,USD,5,12.93,7.69,0.63,0.98
567,FFFLX,Morningstar Moderate Target Risk,97.34,1.56,-2.88,6.94,USD,5,13.31,10.87,0.84,1.35
568,VFSNX,MSCI ACWI Ex USA NR USD,94.12,1.05,1.28,6.7,USD,5,17.77,7.11,0.47,0.72
569,SCTEX,Barclays Municipal TR USD,94.4,0.85,-0.64,4.26,USD,5,3.32,3.7,1.09,1.89
570,OARDX,S&P 500 TR USD,94.94,1.04,-4.13,16.23,USD,5,13.08,13.54,1.04,1.73
571,FFFHX,Morningstar Moderate Target Risk,97.5,1.56,-2.88,6.93,USD,5,13.29,10.86,0.84,1.34
572,FDIVX,MSCI ACWI Ex USA NR USD,95.97,0.99,1.75,7.4,USD,5,16.59,7.4,0.51,0.78
573,FURAX,Morningstar Moderate Target Risk,98.2,1.04,-0.05,8.97,USD,5,8.86,9.42,1.05,1.79
574,VTCIX,S&P 500 TR USD,99.08,1.03,-0.5,20.32,USD,5,13.49,16.23,1.18,2.04
575,FASGX,Morningstar Moderate Target Risk,97.73,1.28,-0.74,8.38,USD,5,10.92,10.79,0.99,1.7
576,FCVAX,S&P 500 TR USD,71.3,1.18,-4.22,16.59,USD,5,17.2,17.07,1.0,1.69
577,PAIIX,Barclays US Agg Bond TR USD,67.37,0.92,2.56,6.93,USD,5,3.14,6.41,1.97,3.9
578,FCVSX,Morningstar Moderate Target Risk,81.72,1.31,1.05,9.8,USD,5,12.26,12.95,1.05,1.77
579,FFKHX,Morningstar Moderate Target Risk,97.49,1.56,-2.78,7.01,USD,5,13.3,10.99,0.85,1.36
580,FEMKX,MSCI ACWI Ex USA NR USD,85.6,1.05,-1.39,3.84,USD,5,18.66,4.12,0.31,0.44
581,PAAIX,Morningstar Moderate Target Risk,65.08,0.68,0.61,9.84,USD,5,7.16,6.81,0.95,1.5
582,FTAAX,Morningstar Moderate Target Risk,94.96,0.56,1.45,11.73,USD,5,4.89,6.7,1.34,2.55
583,FFIDX,S&P 500 TR USD,93.84,1.05,-2.46,18.13,USD,5,13.74,14.05,1.02,1.7
584,VWSTX,Barclays Municipal TR USD,64.31,0.1,0.4,9.2,USD,5,0.46,0.97,1.94,3.96
585,OSVAX,S&P 500 TR USD,87.79,1.01,-6.47,13.36,USD,5,15.44,9.55,0.66,1.02
586,COLNX,Barclays Municipal TR USD,96.93,1.2,-0.58,4.54,USD,5,4.62,5.53,1.17,1.89
587,INDZX,S&P 500 TR USD,94.16,0.99,-1.44,19.09,USD,5,13.97,13.54,0.98,1.61
588,LTNYX,Barclays Municipal TR USD,67.21,0.8,-0.61,4.23,USD,5,3.71,3.47,0.92,1.36
589,FLVEX,S&P 500 TR USD,93.44,1.0,1.45,22.57,USD,5,13.19,16.15,1.2,2.02
590,OPGVX,Barclays US Agg Bond TR USD,49.42,0.27,0.95,7.61,USD,5,1.07,2.1,1.88,4.69
591,TREBX,Barclays US Agg Bond TR USD,10.61,0.86,3.98,8.58,USD,5,7.44,7.45,1.0,1.53
592,PEXMX,S&P 500 TR USD,78.42,1.19,-3.66,17.26,USD,5,16.93,18.26,1.08,1.86
593,FRAMX,Morningstar Moderate Target Risk,97.84,0.77,0.48,9.69,USD,5,6.57,7.54,1.13,1.96
594,IEMFX,MSCI ACWI Ex USA NR USD,83.09,1.05,-1.28,3.93,USD,5,18.85,4.19,0.31,0.46
595,BMGAX,S&P 500 TR USD,63.29,1.25,-5.42,15.63,USD,5,17.92,15.26,0.88,1.44
596,FTRNX,S&P 500 TR USD,81.77,1.07,-0.84,19.90,USD,5,14.68,17.41,1.17,2.07
597,VFINX,S&P 500 TR USD,100.0,1.0,-0.15,20.68,USD,5,12.98,15.79,1.19,2.07
598,FTBFX,Barclays US Agg Bond TR USD,81.55,0.89,1.65,5.94,USD,5,2.78,5.37,1.87,3.67
599,FAIGX,Morningstar Moderate Target Risk,95.27,1.0,2.21,11.44,USD,5,8.62,11.48,1.3,2.35
600,PRDSX,S&P 500 TR USD,72.4,1.19,-4.1,16.77,USD,5,17.97,20.76,1.14,2.1
601,FOPAX,MSCI ACWI Ex USA NR USD,91.86,0.91,6.14,12.84,USD,5,15.6,11.77,0.79,1.33
602,FPURX,Morningstar Moderate Target Risk,94.73,1.06,2.29,11.38,USD,5,9.18,12.14,1.29,2.3
603,FTFMX,Barclays Municipal TR USD,97.7,1.01,-0.28,4.76,USD,5,3.88,4.89,1.23,2.03
604,TMMDX,Barclays Municipal TR USD,97.51,0.94,-0.61,4.37,USD,5,3.62,4.2,1.13,1.91
605,FMISX,Barclays Municipal TR USD,95.54,1.27,-1.94,3.45,USD,5,4.92,4.46,0.9,1.39
606,NIEQX,MSCI ACWI Ex USA NR USD,95.5,1.03,-0.99,4.45,USD,5,17.3,4.66,0.34,0.51
607,FRVAX,Barclays Municipal TR USD,94.4,1.12,-1.51,3.64,USD,5,4.36,4.14,0.94,1.48
608,FARFX,Morningstar Moderate Target Risk,98.21,1.15,-0.3,8.74,USD,5,9.78,10.11,1.03,1.74
609,PRSAX,Barclays US Agg Bond TR USD,13.75,0.54,3.5,10.58,USD,5,4.12,5.8,1.37,2.34
610,OMBAX,Barclays US Agg Bond TR USD,76.31,0.51,2.37,8.77,USD,5,1.66,4.56,2.67,6.17
611,FAGOX,S&P 500 TR USD,69.37,1.23,-3.77,17.20,USD,5,16.35,19.14,1.15,2.1
612,VFITX,Barclays US Agg Bond TR USD,87.79,1.33,-1.83,2.6,USD,5,4.0,3.53,0.87,1.42
613,FARWX,Morningstar Moderate Target Risk,98.17,1.12,-0.26,8.76,USD,5,9.54,9.89,1.03,1.74
614,AAFTX,Morningstar Moderate Target Risk,97.59,1.37,-0.29,8.78,USD,5,11.71,12.1,1.03,1.73
615,FACFX,Morningstar Moderate Target Risk,98.5,0.89,-0.37,8.58,USD,5,7.57,7.71,1.01,1.71
616,FPCIX,Barclays US Agg Bond TR USD,78.56,0.9,1.42,5.66,USD,5,2.85,5.14,1.75,3.32
617,FFKVX,Morningstar Moderate Target Risk,97.72,0.74,0.04,9.08,USD,5,6.35,6.83,1.06,1.82
618,TFEQX,MSCI ACWI Ex USA NR USD,95.23,1.01,0.03,5.52,USD,5,17.0,5.65,0.4,0.61
619,VMGRX,S&P 500 TR USD,79.08,1.14,-4.17,16.54,USD,5,15.3,18.02,1.16,2.07
620,FSDPX,MSCI ACWI NR USD,83.42,1.23,0.46,9.94,USD,5,19.62,12.33,0.69,1.12
621,FRMOX,Barclays Municipal TR USD,92.61,1.13,-1.32,3.83,USD,5,4.45,4.41,0.97,1.56
622,FAVAX,S&P 500 TR USD,93.53,1.01,0.53,21.48,USD,5,14.84,15.66,1.05,1.71
623,VINEX,MSCI ACWI Ex USA NR USD,93.43,1.0,2.72,8.37,USD,5,16.96,8.43,0.56,0.86
624,FJPNX,MSCI ACWI Ex USA NR USD,44.05,0.6,1.68,7.89,USD,5,14.92,4.83,0.39,0.57
625,FFTFX,Barclays Municipal TR USD,61.97,0.26,0.61,7.34,USD,5,1.27,2.02,1.52,3.23
626,FARVX,Morningstar Moderate Target Risk,98.17,1.08,-0.2,8.82,USD,5,9.2,9.61,1.04,1.75
627,NVABX,Barclays Municipal TR USD,93.86,0.85,-0.69,4.2,USD,5,3.32,3.65,1.07,1.86
628,FFKAX,Morningstar Moderate Target Risk,93.24,0.41,1.32,12.36,USD,5,3.59,5.15,1.4,2.57
629,FPIFX,Morningstar Moderate Target Risk,98.71,0.96,-0.5,8.48,USD,5,8.18,8.24,1.0,1.71
630,STLAX,Morningstar Moderate Target Risk,94.16,0.64,0.81,10.34,USD,5,5.61,6.75,1.18,2.11
631,CMTFX,MSCI ACWI NR USD,74.04,1.05,7.6,17.7,USD,5,17.74,18.68,1.06,1.81
632,FTAEX,MSCI ACWI Ex USA NR USD,96.57,0.99,0.79,6.38,USD,5,16.48,6.37,0.45,0.68
633,PRMDX,Barclays Municipal TR USD,46.25,0.13,0.15,6.16,USD,5,0.75,0.9,1.1,1.61
634,TRRCX,Morningstar Moderate Target Risk,97.56,1.49,-1.13,8.16,USD,5,12.75,12.25,0.97,1.62
635,PUBAX,Barclays US Agg Bond TR USD,31.37,0.44,0.94,6.14,USD,5,2.23,2.79,1.21,2.1
636,FDAFX,Morningstar Moderate Target Risk,98.06,1.07,-0.97,8.04,USD,5,9.11,8.67,0.95,1.59
637,FOCPX,S&P 500 TR USD,57.19,1.22,-1.81,18.92,USD,5,17.81,19.77,1.1,1.99
638,PFCIX,Morningstar Moderate Target Risk,82.29,0.96,3.02,12.39,USD,5,8.96,12.02,1.31,2.39
639,BMCAX,S&P 500 TR USD,81.65,0.95,-7.59,11.57,USD,5,15.63,10.51,0.71,1.12
640,FLCIX,S&P 500 TR USD,90.4,1.14,-6.05,14.68,USD,5,14.46,12.74,0.9,1.48
641,FIARX,Morningstar Moderate Target Risk,98.22,0.98,0.17,9.22,USD,5,8.34,9.11,1.08,1.84
642,AMECX,Morningstar Moderate Target Risk,92.23,0.97,2.7,12.04,USD,5,8.54,11.77,1.34,2.46
643,FTCOX,S&P 500 TR USD,90.34,1.04,-3.78,16.58,USD,5,13.78,13.01,0.95,1.6
644,PSLDX,Morningstar Moderate Target Risk,72.03,1.3,11.68,19.34,USD,5,12.9,25.15,1.81,3.88
645,JSOAX,Barclays US Agg Bond TR USD,1.7,-0.12,3.68,-25.58,USD,5,2.7,3.27,1.18,1.99
646,JMIEX,MSCI ACWI Ex USA NR USD,80.78,1.01,-0.94,4.25,USD,5,18.48,4.37,0.32,0.48
647,MANLX,Barclays Municipal TR USD,94.06,1.16,0.35,5.37,USD,5,4.53,6.3,1.36,2.34
648,BEGRX,S&P 500 TR USD,84.41,0.87,0.11,20.76,USD,5,11.76,13.1,1.1,1.83
649,FRHIX,Barclays Municipal TR USD,92.88,1.37,-0.52,4.65,USD,5,5.38,6.44,1.17,1.85
650,AFTEX,Barclays Municipal TR USD,98.11,1.04,0.13,5.18,USD,5,3.99,5.49,1.34,2.28
651,FAVFX,S&P 500 TR USD,85.88,1.1,-0.57,20.30,USD,5,16.27,16.83,1.04,1.69
652,FKDNX,S&P 500 TR USD,61.94,1.16,-3.79,16.81,USD,5,15.8,16.27,1.03,1.74
653,FKUTX,MSCI ACWI NR USD,22.66,0.36,10.4,40.36,USD,5,10.97,14.58,1.3,2.18
654,FVLAX,S&P 500 TR USD,90.2,1.12,-2.81,17.95,USD,5,15.27,11.86,0.81,1.25
655,WFSPX,S&P 500 TR USD,100.0,1.0,-0.14,20.70,USD,5,12.98,15.82,1.2,2.08
656,MQIFX,MSCI ACWI Ex USA NR USD,81.62,0.55,6.77,19.08,USD,5,9.97,10.54,1.05,1.68
657,TRRDX,Morningstar Moderate Target Risk,97.13,1.59,-1.3,8.08,USD,5,13.61,12.91,0.96,1.6
658,PRNEX,MSCI ACWI NR USD,64.88,1.17,-13.17,2.13,USD,5,20.46,3.54,0.27,0.38
659,FNJHX,Barclays Municipal TR USD,97.06,1.01,-0.48,4.55,USD,5,3.88,4.67,1.18,2.05
660,FNORX,MSCI ACWI Ex USA NR USD,89.29,1.25,5.55,9.86,USD,5,21.74,12.42,0.64,1.04
661,FCAMX,Barclays Municipal TR USD,92.07,1.4,1.2,5.97,USD,5,5.53,8.43,1.48,2.47
662,PRITX,MSCI ACWI Ex USA NR USD,95.94,1.01,1.75,7.34,USD,5,16.91,7.48,0.51,0.8
663,RDLAX,S&P 500 TR USD,92.0,1.08,-1.17,19.64,USD,5,14.18,16.76,1.16,2.04
664,TRPBX,Morningstar Moderate Target Risk,98.1,1.2,-0.04,8.98,USD,5,10.23,10.86,1.06,1.8
665,FSRFX,MSCI ACWI NR USD,56.96,0.92,15.08,28.25,USD,5,17.69,26.04,1.4,2.88
666,FKTWX,Morningstar Moderate Target Risk,98.29,1.23,-1.19,7.95,USD,5,10.45,9.84,0.95,1.56
667,FGRIX,S&P 500 TR USD,95.86,1.0,0.74,21.73,USD,5,13.58,16.18,1.17,1.96
668,OTABX,Barclays US Agg Bond TR USD,69.99,0.33,-0.75,1.7,USD,5,1.11,0.64,0.51,0.76
669,JUSSX,S&P 500 TR USD,76.72,1.34,-5.7,15.94,USD,5,18.85,18.9,1.01,1.71
670,BACPX,Morningstar Moderate Target Risk,96.58,0.73,1.96,11.89,USD,5,6.3,8.79,1.36,2.5
671,VSIEX,MSCI ACWI Ex USA NR USD,96.1,1.02,-0.03,5.46,USD,5,17.02,5.62,0.4,0.61
672,FRCOX,Barclays Municipal TR USD,94.28,1.24,-1.26,3.98,USD,5,4.83,5.0,1.02,1.6
673,FDMAX,MSCI ACWI NR USD,70.09,1.2,-0.18,9.09,USD,5,20.75,10.94,0.6,0.95
674,TRRJX,Morningstar Moderate Target Risk,97.18,1.56,-1.32,8.05,USD,5,13.39,12.67,0.96,1.6
675,FISEX,S&P 500 TR USD,93.62,0.92,-1.58,18.71,USD,5,12.32,13.83,1.11,1.91
676,FMILX,S&P 500 TR USD,84.8,1.04,-1.59,19.01,USD,5,13.88,16.89,1.19,2.1
677,JMUEX,S&P 500 TR USD,96.12,1.09,-0.99,19.88,USD,5,14.03,15.75,1.11,1.94
678,FOHIX,S&P 500 TR USD,97.17,0.97,-0.02,20.79,USD,5,12.64,14.82,1.16,1.97
679,OPOCX,S&P 500 TR USD,49.35,1.12,-4.72,15.48,USD,5,17.57,18.27,1.04,1.79
680,PNIGX,Barclays US Agg Bond TR USD,87.36,0.96,-0.55,3.42,USD,5,2.88,3.35,1.13,1.95
681,TCWAX,MSCI ACWI Ex USA NR USD,69.38,0.86,-0.81,4.22,USD,5,16.92,3.7,0.3,0.42
682,BREAX,MSCI ACWI Ex USA NR USD,94.42,1.01,-0.54,4.9,USD,5,17.03,5.01,0.37,0.54
683,WOBDX,Barclays US Agg Bond TR USD,96.58,0.85,0.82,5.01,USD,5,2.45,4.35,1.72,3.35
684,MBLOX,Morningstar Moderate Target Risk,94.74,1.07,-3.61,5.39,USD,5,9.28,5.85,0.65,1.0
685,HLOMX,Barclays Municipal TR USD,93.02,0.76,-0.35,4.56,USD,5,2.99,3.55,1.16,2.07
686,FDLSX,MSCI ACWI NR USD,61.33,0.89,10.74,23.13,USD,5,16.48,20.62,1.22,2.18
687,VOHIX,Barclays Municipal TR USD,97.43,1.13,-0.52,4.57,USD,5,4.32,5.22,1.18,2.0
688,PDMIX,Barclays US Agg Bond TR USD,79.7,0.85,0.76,4.93,USD,5,2.69,4.27,1.54,2.93
689,FMCBX,S&P 500 TR USD,80.76,1.05,-3.38,17.03,USD,5,15.13,14.57,0.97,1.64
690,FAHDX,Barclays US Agg Bond TR USD,0.36,-0.18,11.34,-59.6,USD,5,8.44,10.85,1.26,2.14
691,FSHOX,MSCI ACWI NR USD,60.91,1.04,9.46,19.47,USD,5,19.45,20.42,1.06,1.79
692,FMAGX,S&P 500 TR USD,90.86,1.1,-0.93,19.94,USD,5,15.27,13.59,0.91,1.45
693,VINIX,S&P 500 TR USD,100.0,1.0,-0.03,20.83,USD,5,12.98,15.93,1.2,2.09
694,RPIGX,MSCI ACWI Ex USA NR USD,90.57,0.97,5.43,11.5,USD,5,16.72,11.23,0.72,1.18
695,JEEAX,MSCI ACWI Ex USA NR USD,84.62,1.12,-1.59,3.63,USD,5,19.91,4.13,0.3,0.44
696,FELAX,MSCI ACWI NR USD,59.58,1.15,6.37,15.22,USD,5,21.72,17.64,0.86,1.47
697,VCVLX,S&P 500 TR USD,75.46,1.33,-4.4,17.04,USD,5,18.87,15.2,0.84,1.39
698,FIVMX,MSCI ACWI Ex USA NR USD,91.56,1.04,-1.38,3.99,USD,5,17.79,4.22,0.32,0.47
699,OAAAX,Morningstar Moderate Target Risk,97.42,1.29,-1.62,7.64,USD,5,11.07,9.96,0.91,1.52
700,FDVAX,MSCI ACWI Ex USA NR USD,95.85,1.0,1.92,7.54,USD,5,16.76,7.62,0.52,0.8
701,VCITX,Barclays Municipal TR USD,97.32,1.21,-0.12,4.95,USD,5,4.66,6.08,1.28,2.16
702,GLVAX,MSCI ACWI Ex USA NR USD,80.62,1.0,8.9,14.98,USD,5,18.24,15.02,0.86,1.39
703,JIISX,S&P 500 TR USD,96.07,1.06,0.6,21.61,USD,5,14.5,17.08,1.16,1.98
704,STSEX,S&P 500 TR USD,91.87,0.97,-3.13,17.01,USD,5,12.12,12.36,1.02,1.65
705,BAPBX,Morningstar Moderate Target Risk,96.84,0.92,0.01,9.03,USD,5,7.94,8.43,1.05,1.8
706,FSHBX,Barclays US Agg Bond TR USD,54.05,0.24,0.81,7.42,USD,5,0.92,1.85,1.92,4.7
707,HLQVX,S&P 500 TR USD,90.14,1.17,-2.68,18.27,USD,5,15.16,14.25,0.95,1.56
708,VGHCX,MSCI ACWI NR USD,55.21,0.54,13.89,38.7,USD,5,10.51,20.88,1.86,4.26
709,ACFFX,MSCI ACWI Ex USA NR USD,78.93,0.75,4.1,11.35,USD,5,13.92,8.63,0.66,1.03
710,FAFEX,Morningstar Moderate Target Risk,97.72,1.31,-1.71,7.58,USD,5,11.18,10.0,0.9,1.49
711,FSMIX,Barclays US Agg Bond TR USD,53.85,0.66,2.91,8.56,USD,5,2.55,5.74,2.18,4.18
712,NBIAX,Morningstar Moderate Target Risk,97.81,1.14,-0.01,9.01,USD,5,9.72,10.33,1.06,1.77
713,BABDX,MSCI ACWI Ex USA NR USD,77.58,0.58,6.93,18.65,USD,5,10.75,10.84,1.01,1.7
714,GAEGX,S&P 500 TR USD,84.09,1.1,-2.33,18.36,USD,5,14.37,15.64,1.08,1.85
715,ICPHX,BofAML USD LIBOR 3 Mon CM,7.88,55.46,-13.99,-0.01,USD,5,8.94,-0.35,-0.0,-0.0
716,TEMWX,MSCI ACWI Ex USA NR USD,93.52,0.94,4.36,10.49,USD,5,16.03,9.98,0.67,1.06
717,FCPAX,MSCI ACWI Ex USA NR USD,93.08,1.07,4.38,9.76,USD,5,18.24,10.54,0.64,1.02
718,FIEUX,MSCI ACWI Ex USA NR USD,93.7,1.15,0.54,5.77,USD,5,19.51,6.71,0.43,0.65
719,URTLX,MSCI ACWI NR USD,54.01,0.86,9.08,21.08,USD,5,17.01,18.21,1.07,1.92
720,FPHAX,MSCI ACWI NR USD,61.62,0.64,14.42,35.36,USD,5,11.79,22.61,1.79,3.72
721,FFFVX,Morningstar Moderate Target Risk,97.57,0.74,-0.03,8.98,USD,5,6.37,6.77,1.05,1.8
722,PACIX,Morningstar Moderate Target Risk,87.6,1.16,1.66,10.54,USD,5,10.45,12.3,1.16,1.99
723,FHIGX,Barclays Municipal TR USD,98.55,1.04,0.28,5.34,USD,5,3.95,5.6,1.38,2.37
724,FIDSX,MSCI ACWI NR USD,77.44,1.19,-0.96,8.57,USD,5,19.64,10.28,0.59,0.96
725,PREFX,S&P 500 TR USD,79.55,1.11,-3.47,17.17,USD,5,14.77,16.37,1.1,1.96
726,MDLTX,MSCI ACWI Ex USA NR USD,73.92,1.21,-8.61,-2.51,USD,5,23.13,-2.97,-0.02,-0.03
727,FSAVX,MSCI ACWI NR USD,71.88,1.34,4.32,12.77,USD,5,23.04,17.25,0.8,1.34
728,PRHYX,Barclays US Agg Bond TR USD,0.27,0.13,8.9,76.21,USD,5,6.77,9.65,1.39,2.35
729,FPXTX,Barclays Municipal TR USD,97.82,0.95,0.09,5.14,USD,5,3.63,4.95,1.33,2.37
730,QRAAX,Morningstar Long-Only Commodity TR,86.54,1.01,-3.72,-4.12,USD,5,17.26,-4.08,-0.16,-0.21
731,BROAX,MSCI ACWI Ex USA NR USD,90.11,0.92,2.17,8.03,USD,5,15.85,7.44,0.53,0.8
732,CSMIX,S&P 500 TR USD,70.98,1.16,-8.3,12.41,USD,5,17.14,13.57,0.83,1.34
733,TPLGX,S&P 500 TR USD,75.21,1.12,-0.77,20.02,USD,5,15.43,17.75,1.14,2.01
734,FDEQX,S&P 500 TR USD,96.65,1.09,-1.33,19.51,USD,5,14.47,13.75,0.96,1.53
735,PSOAX,S&P 500 TR USD,74.16,1.26,-6.56,14.71,USD,5,18.33,16.24,0.91,1.51
736,PAEMX,Barclays US Agg Bond TR USD,21.88,1.16,1.8,5.49,USD,5,6.97,6.43,0.92,1.42
737,BAPJX,Morningstar Moderate Target Risk,95.91,1.48,-2.5,7.13,USD,5,12.78,10.64,0.85,1.38
738,JFTAX,MSCI ACWI Ex USA NR USD,96.6,1.06,0.41,5.84,USD,5,17.77,6.29,0.43,0.65
739,OPGSX,MSCI ACWI NR USD,11.98,0.78,-19.21,-19.57,USD,5,32.69,-15.16,-0.34,-0.43
740,FFKEX,Morningstar Moderate Target Risk,97.86,1.31,-1.54,7.73,USD,5,11.21,10.23,0.92,1.51
741,MSUMX,Barclays US Agg Bond TR USD,68.53,0.81,2.73,7.51,USD,5,2.78,6.19,2.16,4.75
742,BASIX,Barclays US Agg Bond TR USD,9.43,0.32,4.26,17.44,USD,5,2.98,5.73,1.86,3.76
743,DGAAX,S&P 500 TR USD,73.95,1.29,-6.32,15.09,USD,5,16.36,15.37,0.95,1.66
744,EFIPX,Barclays US Agg Bond TR USD,83.97,0.79,0.68,4.9,USD,5,2.43,3.94,1.58,3.0
745,FRORX,Barclays Municipal TR USD,95.65,1.16,-1.57,3.64,USD,5,4.51,4.31,0.94,1.48
746,FNYTX,Barclays Municipal TR USD,95.05,1.08,-1.16,3.93,USD,5,4.22,4.34,1.01,1.59
747,FEMDX,Barclays US Agg Bond TR USD,2.7,0.38,5.64,18.72,USD,5,6.6,7.27,1.09,1.67
748,FKNIX,Barclays Municipal TR USD,93.46,1.03,-0.81,4.22,USD,5,4.05,4.44,1.08,1.94
749,FAFRX,Barclays US Agg Bond TR USD,2.14,-0.16,5.52,-30.54,USD,5,3.12,5.01,1.56,2.29
750,FFFDX,Morningstar Moderate Target Risk,98.13,1.07,-0.82,8.2,USD,5,9.11,8.84,0.97,1.62
751,PEDIX,Barclays US Agg Bond TR USD,51.86,5.71,-8.78,2.15,USD,5,22.36,12.37,0.63,1.25
752,PRISX,MSCI ACWI NR USD,79.98,1.06,2.33,12.05,USD,5,17.26,12.87,0.79,1.23
753,BALPX,S&P 500 TR USD,87.35,1.08,-3.17,17.39,USD,5,15.44,14.49,0.95,1.55
754,ASVAX,S&P 500 TR USD,73.29,1.21,-6.4,14.63,USD,5,18.23,15.11,0.86,1.4
755,JSAAX,Morningstar Moderate Target Risk,97.26,1.58,-1.79,7.73,USD,5,13.51,12.28,0.92,1.52
756,FSAGX,MSCI ACWI NR USD,5.3,0.5,-18.17,-32.92,USD,5,31.68,-16.46,-0.41,-0.52
757,TRMCX,S&P 500 TR USD,89.26,1.06,-1.92,18.74,USD,5,14.08,14.86,1.05,1.73
758,FBLAX,Morningstar Moderate Target Risk,94.07,1.04,1.31,10.39,USD,5,9.0,10.83,1.18,2.13
759,MANJX,Barclays Municipal TR USD,93.9,1.34,-0.58,4.6,USD,5,5.24,6.24,1.17,1.93
760,PRNHX,S&P 500 TR USD,59.62,1.11,-0.93,19.65,USD,5,16.48,22.63,1.32,2.53
761,FILFX,MSCI ACWI Ex USA NR USD,97.39,0.95,2.0,7.82,USD,5,15.78,7.5,0.53,0.82
762,CWGIX,MSCI ACWI Ex USA NR USD,93.92,0.85,4.78,11.7,USD,5,14.4,10.01,0.73,1.16
763,FSRPX,MSCI ACWI NR USD,56.1,0.86,12.28,25.48,USD,5,16.76,22.09,1.28,2.35
764,PMDRX,Barclays US Agg Bond TR USD,47.73,0.64,2.08,7.37,USD,5,2.6,4.76,1.78,3.25
765,NMIAX,S&P 500 TR USD,97.65,1.07,-0.22,20.69,USD,5,13.12,16.63,1.24,2.13
766,RARAX,BofAML USD LIBOR 3 Mon CM,0.9,-9.95,2.54,0.01,USD,5,4.75,0.01,0.01,0.01
767,FRJAX,Morningstar Moderate Target Risk,89.02,0.41,0.53,10.36,USD,5,3.67,4.33,1.15,2.14
768,OEGAX,S&P 500 TR USD,56.06,1.06,-4.25,15.84,USD,5,16.2,17.42,1.07,1.83
769,FBNDX,Barclays US Agg Bond TR USD,92.77,0.98,1.04,5.13,USD,5,2.86,5.08,1.72,3.32
770,FSOPX,S&P 500 TR USD,73.88,1.17,-8.02,12.84,USD,5,17.78,16.22,0.93,1.6
771,VLCIX,Barclays US Agg Bond TR USD,65.15,2.33,-0.22,3.91,USD,5,8.14,9.18,1.11,2.02
772,MMCVX,S&P 500 TR USD,81.5,1.16,-5.09,15.73,USD,5,16.25,17.68,1.08,1.89
773,TROSX,MSCI ACWI Ex USA NR USD,96.91,1.0,1.77,7.4,USD,5,16.67,7.47,0.51,0.8
774,COVAX,S&P 500 TR USD,70.47,1.15,-4.79,15.88,USD,5,18.53,16.42,0.91,1.51
775,FXCTX,Barclays Municipal TR USD,93.63,1.14,-1.64,3.55,USD,5,4.47,4.12,0.91,1.41
776,JPMNX,Barclays US Agg Bond TR USD,1.1,-0.12,0.54,-0.06,USD,5,3.22,0.08,0.02,0.02
777,VSSCX,S&P 500 TR USD,76.16,1.32,-4.94,16.52,USD,5,19.05,18.66,0.99,1.68
778,CLMPX,Barclays Municipal TR USD,96.56,1.33,-0.14,4.94,USD,5,5.14,6.67,1.27,2.15
779,AALTX,Morningstar Moderate Target Risk,97.52,1.39,-0.35,8.73,USD,5,11.89,12.21,1.03,1.72
780,FLDAX,Barclays US Agg Bond TR USD,3.22,0.11,1.92,21.72,USD,5,1.71,2.44,1.38,2.29
781,PIXAX,S&P 500 TR USD,90.71,1.06,2.62,23.91,USD,5,14.22,21.48,1.44,2.65
782,FSAEX,S&P 500 TR USD,96.24,1.03,-0.69,20.09,USD,5,13.89,15.71,1.12,1.91
783,JLTAX,MSCI ACWI Ex USA NR USD,72.61,1.12,-5.48,-0.19,USD,5,21.66,-0.13,0.1,0.14
784,CNBAX,Barclays US Agg Bond TR USD,19.29,1.2,-3.18,1.1,USD,5,7.72,1.4,0.21,0.28
785,AAHTX,Morningstar Moderate Target Risk,97.5,1.4,-0.4,8.69,USD,5,11.93,12.21,1.02,1.72
786,FSNGX,MSCI ACWI NR USD,65.34,1.14,-6.35,3.22,USD,5,20.47,3.75,0.28,0.4
787,PLRIX,Barclays US Agg Bond TR USD,84.92,2.68,-2.02,3.23,USD,5,8.2,8.74,1.06,1.92
788,WFBIX,Barclays US Agg Bond TR USD,99.4,1.02,-0.26,3.76,USD,5,2.88,3.91,1.32,2.36
789,FSRBX,MSCI ACWI NR USD,56.54,0.97,3.99,13.67,USD,5,18.76,13.35,0.76,1.22
790,PRAIX,Barclays US Agg Bond TR USD,68.88,2.92,-4.64,2.3,USD,5,9.93,6.81,0.71,1.07
791,VPMCX,S&P 500 TR USD,83.87,0.94,3.93,25.73,USD,5,13.74,17.21,1.22,2.17
792,FNGAX,MSCI ACWI Ex USA NR USD,91.99,0.94,0.85,6.47,USD,5,16.14,6.18,0.45,0.66
793,CAIBX,Morningstar Moderate Target Risk,84.24,1.0,0.51,9.52,USD,5,9.15,9.55,1.04,1.79
794,VFIIX,Barclays US Agg Bond TR USD,78.69,0.86,0.32,4.39,USD,5,2.74,3.86,1.37,2.44
795,FASIX,Morningstar Moderate Target Risk,89.28,0.39,2.0,14.36,USD,5,3.49,5.68,1.58,3.18
796,NSCMX,Barclays Municipal TR USD,94.22,0.82,-0.09,4.92,USD,5,3.21,4.13,1.25,2.24
797,FIENX,MSCI ACWI Ex USA NR USD,96.59,1.0,1.41,7.02,USD,5,16.65,7.07,0.49,0.75
798,PRWCX,Morningstar Moderate Target Risk,90.99,1.03,3.86,13.12,USD,5,9.12,13.61,1.44,2.64
799,FFKGX,Morningstar Moderate Target Risk,97.69,1.5,-2.34,7.27,USD,5,12.81,10.98,0.87,1.41
800,AGTHX,S&P 500 TR USD,84.23,1.02,-0.44,20.28,USD,5,13.66,14.29,1.04,1.76
801,PRTAX,Barclays Municipal TR USD,96.39,1.11,-0.22,4.84,USD,5,4.29,5.45,1.24,2.04
802,FSDAX,MSCI ACWI NR USD,72.05,0.88,9.12,21.34,USD,5,15.05,18.84,1.22,2.19
803,PFYAX,Morningstar Moderate Target Risk,86.31,0.99,-1.19,7.68,USD,5,9.0,7.69,0.86,1.37
804,ORAZX,Barclays Municipal TR USD,77.3,1.62,-1.46,4.08,USD,5,7.0,6.69,0.95,1.42
805,BFMSX,Barclays US Agg Bond TR USD,26.15,0.25,2.09,12.53,USD,5,1.38,3.2,2.24,4.73
806,MDSWX,S&P 500 TR USD,75.16,1.52,-13.02,10.89,USD,5,19.77,15.32,0.82,1.34
807,UMMGX,Barclays US Agg Bond TR USD,95.28,0.97,0.11,4.14,USD,5,2.8,4.09,1.42,2.54
808,FDFAX,MSCI ACWI NR USD,61.93,0.65,8.41,24.09,USD,5,11.93,15.65,1.28,2.37
809,JPICX,Barclays Municipal TR USD,95.25,0.9,-0.13,4.9,USD,5,3.51,4.5,1.25,2.31
810,FRNRX,MSCI ACWI NR USD,68.42,1.36,-11.2,0.23,USD,5,23.86,0.38,0.13,0.18
811,PAGEX,MSCI ACWI NR USD,76.41,0.95,2.98,13.13,USD,5,15.8,12.55,0.82,1.35
812,CWBFX,Barclays US Agg Bond TR USD,25.82,0.99,-1.16,2.71,USD,5,5.51,2.76,0.51,0.74
813,FGEAX,MSCI ACWI Ex USA NR USD,79.63,0.89,5.54,12.04,USD,5,16.43,10.83,0.7,1.12
814,MADCX,MSCI ACWI Ex USA NR USD,84.72,1.03,-1.34,3.9,USD,5,18.3,4.08,0.31,0.45
815,NJTFX,Barclays Municipal TR USD,97.45,1.08,-0.32,4.74,USD,5,4.15,5.2,1.22,2.03
816,FASMX,Morningstar Moderate Target Risk,98.03,0.92,0.67,9.81,USD,5,7.86,9.12,1.14,2.05
817,BPRAX,Barclays US Agg Bond TR USD,63.34,1.35,-2.13,2.36,USD,5,4.8,3.28,0.68,1.02
818,FAERX,MSCI ACWI Ex USA NR USD,94.43,1.09,0.88,6.22,USD,5,18.43,6.86,0.45,0.68
819,VBINX,Morningstar Moderate Target Risk,95.64,0.91,2.86,12.44,USD,5,7.86,11.4,1.41,2.63
820,FTAZX,Barclays Municipal TR USD,95.05,1.2,-1.06,4.12,USD,5,4.68,5.04,1.06,1.69
821,FGMNX,Barclays US Agg Bond TR USD,82.55,0.89,0.34,4.4,USD,5,2.78,4.01,1.4,2.58
822,PTSHX,Barclays US Agg Bond TR USD,8.22,0.08,1.14,17.4,USD,5,0.84,1.56,1.76,3.09
823,TEDMX,MSCI ACWI Ex USA NR USD,89.14,1.1,-3.64,1.81,USD,5,19.07,2.06,0.2,0.29
824,QIVAX,MSCI ACWI Ex USA NR USD,90.23,0.98,0.85,6.34,USD,5,17.01,6.31,0.44,0.65
825,FRTIX,Barclays Municipal TR USD,94.63,1.11,-1.22,3.9,USD,5,4.34,4.42,1.0,1.6
826,UMBIX,S&P 500 TR USD,86.59,1.07,-2.37,18.24,USD,5,17.56,13.94,0.83,1.33
827,FGTIX,Morningstar Moderate Target Risk,96.66,1.25,-1.16,7.99,USD,5,10.72,10.05,0.94,1.58
828,MDISX,MSCI ACWI Ex USA NR USD,85.66,0.61,6.95,18.02,USD,5,10.86,11.11,1.02,1.67
829,IMNTX,Barclays Municipal TR USD,97.38,1.05,-0.09,4.96,USD,5,4.04,5.3,1.28,2.17
830,COGAX,MSCI ACWI Ex USA NR USD,77.14,0.85,8.73,16.61,USD,5,15.84,14.15,0.91,1.54
831,MDFOX,S&P 500 TR USD,68.83,1.16,-4.98,15.70,USD,5,16.1,14.94,0.94,1.6
832,FAFFX,Morningstar Moderate Target Risk,97.63,1.47,-2.38,7.2,USD,5,12.53,10.64,0.87,1.4
833,FAFDX,MSCI ACWI NR USD,77.42,1.19,-1.1,8.44,USD,5,19.67,10.13,0.58,0.95
834,VSEQX,S&P 500 TR USD,86.54,1.18,-0.95,20.04,USD,5,16.63,20.09,1.19,2.07
835,OUSGX,Barclays US Agg Bond TR USD,75.54,0.74,1.01,5.43,USD,5,2.39,4.07,1.65,3.66
836,HLTAX,Barclays Municipal TR USD,95.54,0.74,0.12,5.2,USD,5,2.85,3.9,1.33,2.42
837,NMDMX,Barclays Municipal TR USD,93.76,0.84,-0.77,4.08,USD,5,3.26,3.48,1.04,1.78
838,FSMEX,MSCI ACWI NR USD,51.76,0.73,10.08,24.79,USD,5,14.75,18.18,1.21,2.29
839,MAIIX,MSCI ACWI Ex USA NR USD,95.97,1.01,0.31,5.81,USD,5,16.98,5.96,0.42,0.64
840,OPGIX,MSCI ACWI Ex USA NR USD,66.37,0.86,6.02,12.59,USD,5,17.43,10.97,0.68,1.11
841,FDEGX,S&P 500 TR USD,80.57,1.13,-3.41,17.31,USD,5,16.79,16.4,0.99,1.64
842,JMTAX,Barclays US Agg Bond TR USD,69.62,0.78,2.58,7.45,USD,5,2.64,5.88,2.16,4.94
843,ORNAX,Barclays Municipal TR USD,74.07,1.71,-0.2,4.9,USD,5,7.54,8.47,1.11,1.69
844,VSLPX,S&P 500 TR USD,98.73,1.04,0.42,21.39,USD,5,13.01,17.4,1.3,2.3
845,FLGEX,S&P 500 TR USD,95.23,1.03,-0.5,20.30,USD,5,13.4,16.7,1.22,2.14
846,FGRTX,S&P 500 TR USD,95.54,1.04,0.32,21.26,USD,5,13.84,16.22,1.16,1.99
847,VSTCX,S&P 500 TR USD,79.19,1.24,-3.77,17.36,USD,5,17.98,20.08,1.11,1.97
848,TAPRX,MSCI ACWI Ex USA NR USD,84.31,1.02,0.78,6.06,USD,5,18.3,6.28,0.42,0.62
849,BHYAX,Barclays US Agg Bond TR USD,0.56,0.17,9.83,64.0,USD,5,6.37,10.89,1.65,2.97
850,FEMSX,MSCI ACWI Ex USA NR USD,87.61,1.09,-1.36,3.92,USD,5,19.06,4.34,0.31,0.46
851,FIBIX,Barclays US Agg Bond TR USD,88.15,1.74,-2.68,2.42,USD,5,5.23,4.29,0.82,1.35
852,ORMIX,Barclays Municipal TR USD,74.37,1.49,-1.56,3.92,USD,5,6.56,5.93,0.9,1.38
853,AUGAX,Barclays US Agg Bond TR USD,63.38,0.65,2.9,8.65,USD,5,2.29,5.67,2.39,5.92
854,FFVAX,Morningstar Moderate Target Risk,98.56,0.92,-0.34,8.63,USD,5,7.83,8.02,1.02,1.72
855,OHYAX,Barclays US Agg Bond TR USD,0.3,0.12,8.24,72.02,USD,5,6.34,8.96,1.38,2.35
856,FSVLX,MSCI ACWI NR USD,68.68,0.86,7.35,19.12,USD,5,15.1,16.54,1.09,1.76
857,MASKX,S&P 500 TR USD,70.95,1.24,-6.35,14.78,USD,5,18.21,16.55,0.93,1.59
858,PTSAX,Barclays US Agg Bond TR USD,55.51,0.91,1.13,5.28,USD,5,3.44,4.88,1.38,2.37
859,FIPFX,Morningstar Moderate Target Risk,98.24,1.43,-2.09,7.39,USD,5,12.17,10.64,0.89,1.45
860,VSITX,Barclays Municipal TR USD,94.09,0.74,-0.4,4.48,USD,5,2.89,3.39,1.14,2.07
861,FEQTX,S&P 500 TR USD,91.2,0.9,0.49,21.32,USD,5,14.36,13.12,0.93,1.49
862,FEXPX,S&P 500 TR USD,95.88,0.98,-2.67,17.60,USD,5,13.28,12.06,0.92,1.48
863,VGRIX,S&P 500 TR USD,95.52,1.03,0.92,21.96,USD,5,13.19,16.25,1.21,2.04
864,ACINX,MSCI ACWI Ex USA NR USD,92.55,0.9,4.13,10.5,USD,5,15.33,9.5,0.67,1.02
865,FKBAX,Barclays US Agg Bond TR USD,54.23,0.87,1.99,6.38,USD,5,3.32,5.61,1.64,3.14
866,FIVFX,MSCI ACWI Ex USA NR USD,93.07,1.07,4.62,10.02,USD,5,18.18,10.78,0.65,1.04
867,OIGAX,MSCI ACWI Ex USA NR USD,92.24,0.95,3.74,9.71,USD,5,16.26,9.31,0.62,0.99
868,MDRFX,S&P 500 TR USD,81.51,1.16,-6.34,14.48,USD,5,16.26,16.16,1.0,1.71
869,OGIAX,Morningstar Moderate Target Risk,97.21,0.89,0.5,9.63,USD,5,7.6,8.63,1.12,1.92
870,AXEAX,MSCI ACWI Ex USA NR USD,89.91,1.05,3.58,8.98,USD,5,18.18,9.51,0.59,0.93
871,ORMDX,Barclays Municipal TR USD,72.38,1.69,-3.21,3.0,USD,5,7.51,5.14,0.7,1.0
872,PFIAX,Barclays US Agg Bond TR USD,2.41,-0.32,5.39,-12.47,USD,5,5.85,4.09,0.7,1.06
873,UMLGX,S&P 500 TR USD,62.29,1.41,-6.85,15.01,USD,5,17.7,18.25,1.04,1.74
874,WOOPX,S&P 500 TR USD,88.74,1.12,0.04,21.01,USD,5,15.53,18.36,1.16,1.93
875,TRVLX,S&P 500 TR USD,93.02,1.05,1.15,22.22,USD,5,14.51,16.46,1.12,1.88
876,RRNAX,Barclays US Agg Bond TR USD,64.85,1.46,-2.64,2.13,USD,5,5.13,3.19,0.62,0.92
877,FKLAX,Barclays Municipal TR USD,95.3,1.14,-1.02,4.11,USD,5,4.44,4.78,1.06,1.68
878,ANCFX,S&P 500 TR USD,93.6,0.99,-1.28,19.29,USD,5,13.52,14.1,1.04,1.73
879,FXNCX,Barclays Municipal TR USD,92.26,1.12,-1.61,3.55,USD,5,4.44,4.08,0.91,1.4
880,VWNDX,S&P 500 TR USD,91.39,1.1,-0.29,20.63,USD,5,14.91,15.93,1.06,1.8
881,OGNAX,Barclays US Agg Bond TR USD,0.87,-0.1,0.64,-1.79,USD,5,3.1,0.26,0.07,0.11
882,VNYTX,Barclays Municipal TR USD,97.92,1.05,-0.27,4.78,USD,5,4.0,5.08,1.24,2.08
883,PRFHX,Barclays Municipal TR USD,85.78,1.23,1.3,6.16,USD,5,5.02,7.63,1.48,2.32
884,OMEAX,S&P 500 TR USD,82.78,1.15,-3.85,16.94,USD,5,16.42,17.46,1.06,1.82
885,OSMAX,MSCI ACWI Ex USA NR USD,80.21,0.96,9.22,15.81,USD,5,17.56,15.22,0.89,1.46
886,FKTHX,Morningstar Moderate Target Risk,97.74,1.45,-2.13,7.37,USD,5,12.34,10.74,0.88,1.44
887,VMNIX,Barclays US Agg Bond TR USD,0.02,-0.02,3.76,-192.03,USD,5,3.65,3.76,1.01,1.82
888,AIVSX,S&P 500 TR USD,95.63,0.92,1.39,22.52,USD,5,12.83,14.32,1.11,1.89
889,NEWFX,MSCI ACWI Ex USA NR USD,93.0,0.88,1.31,7.2,USD,5,14.98,6.41,0.48,0.74
890,FBMPX,MSCI ACWI NR USD,79.22,1.02,11.78,22.9,USD,5,16.72,23.53,1.35,2.54
891,MAEFX,MSCI ACWI Ex USA NR USD,89.65,1.15,-0.59,4.64,USD,5,19.99,5.43,0.36,0.54
892,TFSCX,MSCI ACWI Ex USA NR USD,91.99,0.88,4.58,11.16,USD,5,15.08,9.9,0.7,1.07
893,FKGRX,S&P 500 TR USD,89.32,0.93,-0.01,20.70,USD,5,13.25,15.22,1.14,2.0
894,RBBAX,Morningstar Moderate Target Risk,91.48,0.63,2.19,12.73,USD,5,5.52,8.04,1.42,2.59
895,OPCAX,Barclays Municipal TR USD,78.24,1.63,0.11,5.11,USD,5,6.99,8.41,1.18,1.83
896,PFORX,Barclays US Agg Bond TR USD,48.69,0.79,4.04,9.34,USD,5,3.2,7.46,2.25,5.1
897,PLMAX,BofAML USD LIBOR 3 Mon CM,7.99,53.31,-12.73,0.01,USD,5,8.53,0.4,0.08,0.11
898,MAPYX,Barclays Municipal TR USD,94.89,1.46,-1.42,4.02,USD,5,5.66,5.93,1.03,1.62
899,TFSIX,MSCI ACWI NR USD,88.12,0.75,3.42,14.98,USD,5,11.62,11.32,0.98,1.58
900,OPIGX,Barclays US Agg Bond TR USD,75.77,0.96,2.68,6.94,USD,5,3.1,6.72,2.09,4.38
901,JCHAX,MSCI ACWI Ex USA NR USD,76.33,1.01,0.53,5.61,USD,5,19.04,5.76,0.39,0.54
902,FSCSX,MSCI ACWI NR USD,76.52,0.99,8.88,19.78,USD,5,16.51,19.74,1.18,2.19
903,VTXVX,Morningstar Moderate Target Risk,99.02,0.93,0.76,9.92,USD,5,7.85,9.26,1.16,2.06
904,PRSVX,S&P 500 TR USD,70.54,1.1,-6.53,13.85,USD,5,16.7,15.46,0.94,1.62
905,CBALX,Morningstar Moderate Target Risk,93.57,1.02,2.55,11.76,USD,5,8.88,12.04,1.32,2.37
906,ANEFX,S&P 500 TR USD,77.7,1.07,0.73,21.64,USD,5,14.55,15.85,1.08,1.87
907,OMSOX,S&P 500 TR USD,90.55,1.05,-2.81,17.71,USD,5,12.77,13.61,1.06,1.9
908,BAGPX,Morningstar Moderate Target Risk,95.54,1.35,-0.75,8.38,USD,5,11.67,11.41,0.98,1.63
909,SETMX,Barclays Municipal TR USD,96.35,0.9,-0.08,4.94,USD,5,3.46,4.51,1.27,2.27
910,FASDX,Morningstar Moderate Target Risk,87.39,1.18,3.13,11.92,USD,5,10.62,14.1,1.29,2.24
911,VMCIX,S&P 500 TR USD,87.89,1.09,-1.47,19.30,USD,5,15.18,18.42,1.19,2.09
912,FFGAX,MSCI ACWI NR USD,80.14,1.28,-12.86,-1.15,USD,5,20.77,-1.39,0.03,0.04
913,PCDAX,Barclays Municipal TR USD,39.09,0.11,-0.14,3.64,USD,5,0.65,0.47,0.6,0.87
914,FDSVX,S&P 500 TR USD,67.61,1.02,-0.6,19.96,USD,5,15.28,17.95,1.16,2.06
915,PEFIX,MSCI ACWI Ex USA NR USD,83.11,1.14,0.55,5.56,USD,5,20.54,6.42,0.4,0.6
916,FGRAX,S&P 500 TR USD,72.53,1.18,-5.61,15.24,USD,5,16.57,16.07,0.98,1.69
917,PGMAX,Morningstar Moderate Target Risk,76.66,0.94,-4.85,3.48,USD,5,9.04,3.34,0.4,0.58
918,AAETX,Morningstar Moderate Target Risk,97.69,1.35,-0.16,8.88,USD,5,11.52,12.05,1.04,1.76
919,FISMX,MSCI ACWI Ex USA NR USD,88.61,0.95,4.55,10.6,USD,5,16.52,10.12,0.66,1.04
920,PRCIX,Barclays US Agg Bond TR USD,88.54,0.94,0.47,4.54,USD,5,2.8,4.33,1.5,2.62
921,FRALX,Barclays Municipal TR USD,91.14,1.12,-0.86,4.25,USD,5,4.46,4.85,1.07,1.71
922,VWESX,Barclays US Agg Bond TR USD,72.79,2.44,-0.73,3.71,USD,5,8.07,9.12,1.12,2.06
923,FALHX,S&P 500 TR USD,92.51,1.1,-0.41,20.51,USD,5,15.08,16.21,1.07,1.82
924,VFTSX,S&P 500 TR USD,95.11,1.06,0.7,21.72,USD,5,13.64,16.75,1.2,2.12
925,NMGIX,S&P 500 TR USD,72.58,1.05,-3.21,17.13,USD,5,15.46,14.61,0.96,1.64
926,TPINX,Barclays US Agg Bond TR USD,0.37,0.18,5.74,35.85,USD,5,8.18,6.36,0.79,1.17
927,FSHCX,MSCI ACWI NR USD,46.33,0.68,11.78,28.64,USD,5,14.54,19.59,1.3,2.36
928,LPRFX,Morningstar Moderate Target Risk,97.75,1.64,-3.9,6.34,USD,5,13.98,10.46,0.78,1.25
929,FFFCX,Morningstar Moderate Target Risk,98.54,0.89,-0.18,8.82,USD,5,7.56,7.91,1.04,1.76
930,PELBX,Barclays US Agg Bond TR USD,6.5,1.06,-0.2,3.2,USD,5,11.74,3.47,0.34,0.48
931,COLTX,Barclays Municipal TR USD,97.03,1.19,-0.2,4.87,USD,5,4.58,5.87,1.26,2.08
932,VGSIX,MSCI ACWI NR USD,54.06,0.85,8.95,21.01,USD,5,16.84,17.99,1.07,1.9
933,TXRAX,Barclays Municipal TR USD,51.26,0.6,-0.78,3.66,USD,5,3.2,2.29,0.7,1.14
934,BGSAX,MSCI ACWI NR USD,67.73,1.0,3.86,13.69,USD,5,17.75,13.84,0.82,1.37
935,FSUTX,MSCI ACWI NR USD,28.34,0.43,10.78,36.57,USD,5,11.69,15.74,1.31,2.19
936,JNUSX,MSCI ACWI Ex USA NR USD,94.47,1.1,-0.56,4.81,USD,5,18.64,5.38,0.37,0.56
937,PSCSX,S&P 500 TR USD,69.06,1.25,-2.2,18.78,USD,5,18.87,21.17,1.11,1.97
938,FSBIX,Barclays US Agg Bond TR USD,76.18,0.46,-0.51,2.88,USD,5,1.48,1.4,0.89,1.47
939,FSINX,Barclays US Agg Bond TR USD,15.93,0.64,2.52,7.97,USD,5,4.51,5.16,1.12,1.79
940,FWWFX,MSCI ACWI Ex USA NR USD,87.24,0.87,6.91,14.11,USD,5,15.33,12.38,0.84,1.36
941,FSLBX,MSCI ACWI NR USD,81.83,1.29,-0.8,8.76,USD,5,20.67,11.35,0.62,1.0
942,PTXAX,Barclays Municipal TR USD,40.17,0.58,-0.96,3.26,USD,5,3.45,1.95,0.56,0.86
943,MDLVX,S&P 500 TR USD,87.2,1.07,-3.42,17.11,USD,5,15.32,12.59,0.85,1.32
944,OLCAX,Barclays Municipal TR USD,73.82,0.67,1.1,6.72,USD,5,2.96,4.58,1.51,2.52
945,FSPHX,MSCI ACWI NR USD,55.74,0.71,17.4,37.76,USD,5,13.82,26.9,1.8,3.81
946,CSVFX,MSCI ACWI Ex USA NR USD,86.72,0.86,4.73,11.41,USD,5,15.21,9.92,0.69,1.09
947,VCVSX,Morningstar Moderate Target Risk,87.44,1.12,0.26,9.23,USD,5,10.07,10.37,1.03,1.74
948,UMESX,MSCI ACWI NR USD,73.94,1.23,-8.34,2.06,USD,5,20.71,2.6,0.22,0.32
949,PRINX,Barclays Municipal TR USD,96.3,1.19,-0.09,4.97,USD,5,4.58,5.98,1.28,2.08
950,FKTFX,Barclays Municipal TR USD,92.5,1.29,-0.29,4.81,USD,5,5.07,6.27,1.21,1.98
951,NINDX,S&P 500 TR USD,100.0,1.0,-0.19,20.64,USD,5,12.98,15.75,1.19,2.06
952,FDGRX,S&P 500 TR USD,72.55,1.22,-2.71,18.24,USD,5,15.74,18.9,1.18,2.11
953,PRXCX,Barclays Municipal TR USD,96.11,1.14,0.14,5.18,USD,5,4.38,5.95,1.32,2.21
954,VMLTX,Barclays Municipal TR USD,75.53,0.3,0.43,6.5,USD,5,1.28,1.99,1.48,2.73
955,PFATX,Barclays US Agg Bond TR USD,11.62,0.46,2.67,9.85,USD,5,3.8,4.6,1.18,1.94
956,MDXBX,Barclays Municipal TR USD,97.69,1.03,-0.12,4.93,USD,5,3.93,5.13,1.27,2.12
957,IMRFX,Morningstar Moderate Target Risk,96.75,1.18,-2.39,6.82,USD,5,10.14,8.13,0.82,1.32
958,FGRRX,MSCI ACWI NR USD,72.8,0.93,2.83,12.96,USD,5,15.83,12.12,0.8,1.27
959,PRGFX,S&P 500 TR USD,72.96,1.08,-0.56,20.17,USD,5,15.39,16.93,1.09,1.92
960,FPRTX,Barclays Municipal TR USD,59.69,1.51,-5.68,1.07,USD,5,7.42,1.7,0.25,0.34
961,CMTAX,MSCI ACWI Ex USA NR USD,95.38,1.0,0.18,5.68,USD,5,16.84,5.77,0.41,0.62
962,FFKDX,Morningstar Moderate Target Risk,98.22,1.07,-0.74,8.28,USD,5,9.12,8.93,0.98,1.64
963,SRBFX,Barclays US Agg Bond TR USD,68.25,0.82,1.52,5.93,USD,5,2.8,4.93,1.71,3.24
964,TRIAX,MSCI ACWI Ex USA NR USD,55.86,0.61,7.61,18.71,USD,5,13.4,11.49,0.88,1.47
965,FSCFX,S&P 500 TR USD,76.74,1.12,-5.2,15.34,USD,5,16.43,15.5,0.96,1.61
966,INEAX,Barclays US Agg Bond TR USD,1.84,0.31,7.84,29.49,USD,5,6.53,9.34,1.39,2.47
967,BRASX,Barclays US Agg Bond TR USD,43.69,0.29,2.04,11.08,USD,5,1.26,3.33,2.56,5.8
968,NSEPX,S&P 500 TR USD,94.96,0.95,0.4,21.27,USD,5,13.25,14.34,1.08,1.78
969,ORVAX,Barclays Municipal TR USD,78.52,1.97,-4.44,2.63,USD,5,8.42,5.26,0.64,0.93
970,HLEIX,S&P 500 TR USD,100.0,1.0,-0.26,20.56,USD,5,12.97,15.71,1.19,2.06
971,SLVAX,S&P 500 TR USD,83.52,1.18,-2.54,18.39,USD,5,15.97,16.41,1.03,1.76
972,FTHRX,Barclays US Agg Bond TR USD,89.43,0.82,0.65,4.83,USD,5,2.45,4.05,1.6,3.06
973,SMDMX,Barclays Municipal TR USD,96.88,0.9,-0.42,4.55,USD,5,3.48,4.19,1.18,1.89
974,FSPCX,MSCI ACWI NR USD,79.07,0.89,6.96,18.49,USD,5,14.58,16.58,1.12,1.95
975,NLGIX,S&P 500 TR USD,92.5,1.02,-4.73,15.43,USD,5,13.74,12.82,0.94,1.56
976,TRSSX,S&P 500 TR USD,70.27,1.13,-2.83,17.80,USD,5,17.58,19.95,1.12,2.01
977,FILAX,Morningstar Moderate Target Risk,97.15,0.68,0.53,9.86,USD,5,5.84,6.79,1.14,2.0
978,MDYHX,Barclays Municipal TR USD,83.83,1.56,0.1,5.12,USD,5,6.47,8.07,1.22,1.82
979,FFFAX,Morningstar Moderate Target Risk,92.91,0.41,1.29,12.3,USD,5,3.58,5.1,1.39,2.53
980,PRSCX,MSCI ACWI NR USD,76.08,1.08,5.66,15.41,USD,5,18.04,16.76,0.95,1.63
981,ABDAX,Morningstar Moderate Target Risk,87.43,0.45,1.64,12.84,USD,5,4.04,5.82,1.41,2.55
982,FCNTX,S&P 500 TR USD,83.49,1.0,-1.23,19.31,USD,5,12.57,15.61,1.22,2.22
983,VSCOX,S&P 500 TR USD,55.95,1.23,-7.1,13.82,USD,5,19.82,17.16,0.9,1.53
984,AACTX,Morningstar Moderate Target Risk,97.86,1.03,0.7,9.77,USD,5,8.77,10.12,1.14,1.97
985,PONAX,Barclays US Agg Bond TR USD,23.93,0.73,8.38,16.16,USD,5,4.22,11.88,2.68,6.36
986,FRPAX,Barclays Municipal TR USD,93.48,1.21,-1.39,3.85,USD,5,4.74,4.73,0.98,1.57
987,INUTX,S&P 500 TR USD,88.58,0.86,-0.42,20.05,USD,5,11.94,15.25,1.25,2.26
988,VFICX,Barclays US Agg Bond TR USD,75.38,1.18,1.1,4.99,USD,5,3.85,5.98,1.51,2.82
989,ACRNX,S&P 500 TR USD,72.68,1.15,-7.39,13.29,USD,5,16.78,14.65,0.9,1.56
990,FCTFX,Barclays Municipal TR USD,98.6,1.07,0.67,5.72,USD,5,4.07,6.18,1.48,2.68
991,FATWX,Morningstar Moderate Target Risk,98.13,1.23,-1.46,7.72,USD,5,10.52,9.61,0.92,1.52
992,PRSMX,Barclays Municipal TR USD,96.86,0.85,0.0,5.04,USD,5,3.26,4.35,1.3,2.33
993,PAUIX,Morningstar Moderate Target Risk,39.94,0.59,-0.37,8.05,USD,5,7.83,4.79,0.63,0.95
994,IGLGX,MSCI ACWI Ex USA NR USD,92.69,0.93,3.96,10.09,USD,5,15.89,9.48,0.65,1.01
995,VWEHX,Barclays US Agg Bond TR USD,4.46,0.43,7.19,21.02,USD,5,5.8,9.2,1.54,2.81
996,BRAMX,Barclays US Agg Bond TR USD,80.91,1.3,0.85,4.71,USD,5,4.08,6.2,1.48,3.15
997,PYMAX,Barclays Municipal TR USD,74.22,1.16,0.71,5.67,USD,5,5.11,6.66,1.28,1.94
998,VBISX,Barclays US Agg Bond TR USD,76.16,0.44,0.01,4.02,USD,5,1.42,1.84,1.24,2.25
999,INTAX,Barclays Municipal TR USD,95.12,1.18,0.21,5.24,USD,5,4.59,6.26,1.33,2.25
1000,FTGAX,Barclays Municipal TR USD,96.12,1.21,-1.15,4.05,USD,5,4.67,4.97,1.05,1.65
1001,FBCVX,S&P 500 TR USD,90.2,1.12,-2.43,18.37,USD,5,15.31,12.27,0.83,1.29
1002,MBCMX,Barclays Municipal TR USD,93.0,1.56,-1.86,3.8,USD,5,6.14,6.01,0.97,1.55
1003,TRREX,MSCI ACWI NR USD,56.72,0.88,8.84,20.6,USD,5,16.94,18.16,1.07,1.92
1004,JVAAX,S&P 500 TR USD,91.39,0.95,1.39,22.48,USD,5,12.41,17.19,1.34,2.34
